event,event_time_hours,local_time,demand_mw,solar_mw,wind_mw,renewable_gen_mw,residual_demand_mw,date,hour,n_intervals,avg_price_mwh,max_price_mwh,scarcity_flag_any,scarcity_flag_avg,demand_mw_num,solar_mw_num,wind_mw_num,renewable_gen_mw_num,residual_demand_mw_num,avg_price_mwh_num,max_price_mwh_num,scarcity_flag_any_num,n_intervals_num
2022 summer heat,-72,7/9/2022 20:00,"73,122","8,754","2,682","11,436","61,686",07/09/2022,21,2,513.23,597.91,1,1,73122,8754,2682,11436,61686,513.23,597.91,1.0,2.0
2022 summer heat,-71,7/9/2022 21:00,"75,537","7,986","4,202","12,188","63,349",07/09/2022,22,4,119.38,175.46,1,0,75537,7986,4202,12188,63349,119.38,175.46,1.0,4.0
2022 summer heat,-70,7/9/2022 22:00,"76,524","6,944","4,893","11,837","64,687",07/09/2022,23,4,158.18,209.0,1,1,76524,6944,4893,11837,64687,158.18,209.0,1.0,4.0
2022 summer heat,-69,7/9/2022 23:00,"77,254","6,262","5,534","11,796","65,458",07/09/2022,24,4,80.07,84.25,0,0,77254,6262,5534,11796,65458,80.07,84.25,0.0,4.0
2022 summer heat,-68,7/10/2022 0:00,"77,350","5,956","6,668","12,624","64,726",07/10/2022,1,4,69.205,75.0,0,0,77350,5956,6668,12624,64726,69.205,75.0,0.0,4.0
2022 summer heat,-67,7/10/2022 1:00,"76,367","5,239","6,784","12,023","64,344",07/10/2022,2,4,61.6125,63.79,0,0,76367,5239,6784,12023,64344,61.6125,63.79,0.0,4.0
2022 summer heat,-66,7/10/2022 2:00,"74,690","3,306","7,646","10,952","63,738",07/10/2022,3,4,56.5625,57.62,0,0,74690,3306,7646,10952,63738,56.5625,57.62,0.0,4.0
2022 summer heat,-65,7/10/2022 3:00,"71,477",341,"6,938","7,279","64,198",07/10/2022,4,4,52.605,54.09,0,0,71477,341,6938,7279,64198,52.605,54.09,0.0,4.0
2022 summer heat,-64,7/10/2022 4:00,"68,966",0,"7,194","7,194","61,772",07/10/2022,5,4,49.585,53.46,0,0,68966,0,7194,7194,61772,49.585,53.46,0.0,4.0
2022 summer heat,-63,7/10/2022 5:00,"65,428",0,"7,220","7,220","58,208",07/10/2022,6,4,49.7975,53.8,0,0,65428,0,7220,7220,58208,49.7975,53.8,0.0,4.0
2022 summer heat,-62,7/10/2022 6:00,"61,599",0,"6,460","6,460","55,139",07/10/2022,7,4,47.615,53.26,0,0,61599,0,6460,6460,55139,47.615,53.26,0.0,4.0
2022 summer heat,-61,7/10/2022 7:00,"57,842",0,"6,245","6,245","51,597",07/10/2022,8,4,44.8575,45.4,0,0,57842,0,6245,6245,51597,44.8575,45.4,0.0,4.0
2022 summer heat,-60,7/10/2022 8:00,"54,547",0,"6,004","6,004","48,543",07/10/2022,9,4,45.0575,45.22,0,0,54547,0,6004,6004,48543,45.0575,45.22,0.0,4.0
2022 summer heat,-59,7/10/2022 9:00,"51,993",0,"5,336","5,336","46,657",07/10/2022,10,4,51.0525,57.85,0,0,51993,0,5336,5336,46657,51.0525,57.85,0.0,4.0
2022 summer heat,-58,7/10/2022 10:00,"50,154",0,"5,038","5,038","45,116",07/10/2022,11,4,64.9375,70.17,0,0,50154,0,5038,5038,45116,64.9375,70.17,0.0,4.0
2022 summer heat,-57,7/10/2022 11:00,"48,756",0,"4,705","4,705","44,051",07/10/2022,12,4,75.5525,82.24,0,0,48756,0,4705,4705,44051,75.5525,82.24,0.0,4.0
2022 summer heat,-56,7/10/2022 12:00,"47,681",0,"3,956","3,956","43,725",07/10/2022,13,4,110.12,180.76,1,0,47681,0,3956,3956,43725,110.12,180.76,1.0,4.0
2022 summer heat,-55,7/10/2022 13:00,"46,934",36,"3,639","3,675","43,259",07/10/2022,14,4,251.0125,532.74,1,1,46934,36,3639,3675,43259,251.0125,532.74,1.0,4.0
2022 summer heat,-54,7/10/2022 14:00,"47,148","1,832","2,786","4,618","42,530",07/10/2022,15,4,382.09,583.03,1,1,47148,1832,2786,4618,42530,382.09,583.03,1.0,4.0
2022 summer heat,-53,7/10/2022 15:00,"50,319","6,084","1,763","7,847","42,472",07/10/2022,16,4,455.1,678.88,1,1,50319,6084,1763,7847,42472,455.1,678.88,1.0,4.0
2022 summer heat,-52,7/10/2022 16:00,"54,981","8,866","1,676","10,542","44,439",07/10/2022,17,4,746.3075,961.63,1,1,54981,8866,1676,10542,44439,746.3075,961.63,1.0,4.0
2022 summer heat,-51,7/10/2022 17:00,"59,817","9,556","1,099","10,655","49,162",07/10/2022,18,4,419.305,518.89,1,1,59817,9556,1099,10655,49162,419.305,518.89,1.0,4.0
2022 summer heat,-50,7/10/2022 18:00,"64,623","9,596",802,"10,398","54,225",07/10/2022,19,3,557.19,639.0,1,1,64623,9596,802,10398,54225,557.19,639.0,1.0,3.0
2022 summer heat,-49,7/10/2022 19:00,"69,100","9,334",956,"10,290","58,810",07/10/2022,20,4,737.7725,920.3,1,1,69100,9334,956,10290,58810,737.7725,920.3,1.0,4.0
2022 summer heat,-48,7/10/2022 20:00,"72,658","9,054","1,431","10,485","62,173",07/10/2022,21,4,234.64,388.3,1,1,72658,9054,1431,10485,62173,234.64,388.3,1.0,4.0
2022 summer heat,-47,7/10/2022 21:00,"74,808","8,672","2,162","10,834","63,974",07/10/2022,22,4,77.37,82.66,0,0,74808,8672,2162,10834,63974,77.37,82.66,0.0,4.0
2022 summer heat,-46,7/10/2022 22:00,"76,203","8,703","3,219","11,922","64,281",07/10/2022,23,4,72.2175,78.75,0,0,76203,8703,3219,11922,64281,72.2175,78.75,0.0,4.0
2022 summer heat,-45,7/10/2022 23:00,"77,192","8,386","3,959","12,345","64,847",07/10/2022,24,4,61.1375,68.23,0,0,77192,8386,3959,12345,64847,61.1375,68.23,0.0,4.0
2022 summer heat,-44,7/11/2022 0:00,"77,284","7,828","4,771","12,599","64,685",07/11/2022,1,4,50.72,54.68,0,0,77284,7828,4771,12599,64685,50.72,54.68,0.0,4.0
2022 summer heat,-43,7/11/2022 1:00,"76,646","6,024","5,688","11,712","64,934",07/11/2022,2,4,43.4,44.84,0,0,76646,6024,5688,11712,64934,43.4,44.84,0.0,4.0
2022 summer heat,-42,7/11/2022 2:00,"74,863","3,125","6,478","9,603","65,260",07/11/2022,3,4,40.6075,42.88,0,0,74863,3125,6478,9603,65260,40.6075,42.88,0.0,4.0
2022 summer heat,-41,7/11/2022 3:00,"72,044",390,"7,646","8,036","64,008",07/11/2022,4,4,41.975,42.78,0,0,72044,390,7646,8036,64008,41.975,42.78,0.0,4.0
2022 summer heat,-40,7/11/2022 4:00,"69,550",0,"9,219","9,219","60,331",07/11/2022,5,4,42.465,43.08,0,0,69550,0,9219,9219,60331,42.465,43.08,0.0,4.0
2022 summer heat,-39,7/11/2022 5:00,"65,753",0,"11,280","11,280","54,473",07/11/2022,6,4,45.5025,47.08,0,0,65753,0,11280,11280,54473,45.5025,47.08,0.0,4.0
2022 summer heat,-38,7/11/2022 6:00,"61,482",0,"11,966","11,966","49,516",07/11/2022,7,4,51.575,55.29,0,0,61482,0,11966,11966,49516,51.575,55.29,0.0,4.0
2022 summer heat,-37,7/11/2022 7:00,"57,774",0,"11,825","11,825","45,949",07/11/2022,8,4,56.2675,56.81,0,0,57774,0,11825,11825,45949,56.2675,56.81,0.0,4.0
2022 summer heat,-36,7/11/2022 8:00,"54,927",0,"11,126","11,126","43,801",07/11/2022,9,4,54.845,55.94,0,0,54927,0,11126,11126,43801,54.845,55.94,0.0,4.0
2022 summer heat,-35,7/11/2022 9:00,"52,631",0,"9,754","9,754","42,877",07/11/2022,10,4,55.5775,58.69,0,0,52631,0,9754,9754,42877,55.5775,58.69,0.0,4.0
2022 summer heat,-34,7/11/2022 10:00,"51,406",0,"7,800","7,800","43,606",07/11/2022,11,4,67.3225,76.4,0,0,51406,0,7800,7800,43606,67.3225,76.4,0.0,4.0
2022 summer heat,-33,7/11/2022 11:00,"50,713",0,"6,797","6,797","43,916",07/11/2022,12,4,78.86,94.92,0,0,50713,0,6797,6797,43916,78.86,94.92,0.0,4.0
2022 summer heat,-32,7/11/2022 12:00,"50,910",0,"6,002","6,002","44,908",07/11/2022,13,4,380.4275,653.7,1,1,50910,0,6002,6002,44908,380.4275,653.7,1.0,4.0
2022 summer heat,-31,7/11/2022 13:00,"51,250",25,"4,921","4,946","46,304",07/11/2022,14,4,541.945,744.49,1,1,51250,25,4921,4946,46304,541.945,744.49,1.0,4.0
2022 summer heat,-30,7/11/2022 14:00,"52,134","1,683","3,695","5,378","46,756",07/11/2022,15,4,347.83,389.36,1,1,52134,1683,3695,5378,46756,347.83,389.36,1.0,4.0
2022 summer heat,-29,7/11/2022 15:00,"54,713","6,009","2,524","8,533","46,180",07/11/2022,16,4,195.0475,243.91,1,1,54713,6009,2524,8533,46180,195.0475,243.91,1.0,4.0
2022 summer heat,-28,7/11/2022 16:00,"58,652","8,477","2,655","11,132","47,520",07/11/2022,17,4,89.865,98.52,0,0,58652,8477,2655,11132,47520,89.865,98.52,0.0,4.0
2022 summer heat,-27,7/11/2022 17:00,"63,508","9,344","1,918","11,262","52,246",07/11/2022,18,4,79.515,83.02,0,0,63508,9344,1918,11262,52246,79.515,83.02,0.0,4.0
2022 summer heat,-26,7/11/2022 18:00,"68,411","9,567","1,061","10,628","57,783",07/11/2022,19,4,79.075,81.5,0,0,68411,9567,1061,10628,57783,79.075,81.5,0.0,4.0
2022 summer heat,-25,7/11/2022 19:00,"72,344","9,524",746,"10,270","62,074",07/11/2022,20,4,82.5675,89.17,0,0,72344,9524,746,10270,62074,82.5675,89.17,0.0,4.0
2022 summer heat,-24,7/11/2022 20:00,"75,192","9,272","1,530","10,802","64,390",07/11/2022,21,4,91.66,99.7,0,0,75192,9272,1530,10802,64390,91.66,99.7,0.0,4.0
2022 summer heat,-23,7/11/2022 21:00,"77,216","9,381","3,057","12,438","64,778",07/11/2022,22,4,77.8975,81.98,0,0,77216,9381,3057,12438,64778,77.8975,81.98,0.0,4.0
2022 summer heat,-22,7/11/2022 22:00,"77,997","9,112","4,797","13,909","64,088",07/11/2022,23,4,67.3425,70.9,0,0,77997,9112,4797,13909,64088,67.3425,70.9,0.0,4.0
2022 summer heat,-21,7/11/2022 23:00,"78,265","8,747","6,273","15,020","63,245",07/11/2022,24,4,56.66,61.15,0,0,78265,8747,6273,15020,63245,56.66,61.15,0.0,4.0
2022 summer heat,-20,7/12/2022 0:00,"78,018","8,289","7,281","15,570","62,448",07/12/2022,1,4,44.235,47.49,0,0,78018,8289,7281,15570,62448,44.235,47.49,0.0,4.0
2022 summer heat,-19,7/12/2022 1:00,"77,533","7,406","8,504","15,910","61,623",07/12/2022,2,4,41.3525,41.99,0,0,77533,7406,8504,15910,61623,41.3525,41.99,0.0,4.0
2022 summer heat,-18,7/12/2022 2:00,"75,799","4,400","10,071","14,471","61,328",07/12/2022,3,4,40.515,41.11,0,0,75799,4400,10071,14471,61328,40.515,41.11,0.0,4.0
2022 summer heat,-17,7/12/2022 3:00,"72,847",617,"10,270","10,887","61,960",07/12/2022,4,4,40.54,42.62,0,0,72847,617,10270,10887,61960,40.54,42.62,0.0,4.0
2022 summer heat,-16,7/12/2022 4:00,"70,181",0,"11,934","11,934","58,247",07/12/2022,5,4,40.13,40.64,0,0,70181,0,11934,11934,58247,40.13,40.64,0.0,4.0
2022 summer heat,-15,7/12/2022 5:00,"66,205",0,"13,978","13,978","52,227",07/12/2022,6,4,40.525,41.03,0,0,66205,0,13978,13978,52227,40.525,41.03,0.0,4.0
2022 summer heat,-14,7/12/2022 6:00,"61,774",0,"14,488","14,488","47,286",07/12/2022,7,4,42.9775,43.35,0,0,61774,0,14488,14488,47286,42.9775,43.35,0.0,4.0
2022 summer heat,-13,7/12/2022 7:00,"57,989",0,"14,382","14,382","43,607",07/12/2022,8,4,43.8125,44.59,0,0,57989,0,14382,14382,43607,43.8125,44.59,0.0,4.0
2022 summer heat,-12,7/12/2022 8:00,"54,749",0,"13,468","13,468","41,281",07/12/2022,9,4,42.245,43.33,0,0,54749,0,13468,13468,41281,42.245,43.33,0.0,4.0
2022 summer heat,-11,7/12/2022 9:00,"52,318",0,"12,233","12,233","40,085",07/12/2022,10,4,48.9675,58.09,0,0,52318,0,12233,12233,40085,48.9675,58.09,0.0,4.0
2022 summer heat,-10,7/12/2022 10:00,"50,741",0,"10,714","10,714","40,027",07/12/2022,11,4,63.425,65.74,0,0,50741,0,10714,10714,40027,63.425,65.74,0.0,4.0
2022 summer heat,-9,7/12/2022 11:00,"49,946",0,"9,373","9,373","40,573",07/12/2022,12,4,61.97,64.67,0,0,49946,0,9373,9373,40573,61.97,64.67,0.0,4.0
2022 summer heat,-8,7/12/2022 12:00,"50,066",0,"8,954","8,954","41,112",07/12/2022,13,4,60.275,61.1,0,0,50066,0,8954,8954,41112,60.275,61.1,0.0,4.0
2022 summer heat,-7,7/12/2022 13:00,"50,541",30,"8,004","8,034","42,507",07/12/2022,14,4,94.8325,152.66,1,0,50541,30,8004,8034,42507,94.8325,152.66,1.0,4.0
2022 summer heat,-6,7/12/2022 14:00,"51,521","1,508","7,392","8,900","42,621",07/12/2022,15,4,568.7575,717.06,1,1,51521,1508,7392,8900,42621,568.7575,717.06,1.0,4.0
2022 summer heat,-5,7/12/2022 15:00,"54,281","5,482","7,061","12,543","41,738",07/12/2022,16,1,789.44,789.44,1,1,54281,5482,7061,12543,41738,789.44,789.44,1.0,1.0
2022 summer heat,-4,7/12/2022 16:00,"58,436","8,263","6,845","15,108","43,328",07/12/2022,17,4,586.675,849.35,1,1,58436,8263,6845,15108,43328,586.675,849.35,1.0,4.0
2022 summer heat,-3,7/12/2022 17:00,"63,331","8,891","6,177","15,068","48,263",07/12/2022,18,4,217.3975,342.3,1,1,63331,8891,6177,15068,48263,217.3975,342.3,1.0,4.0
2022 summer heat,-2,7/12/2022 18:00,"68,017","9,381","7,417","16,798","51,219",07/12/2022,19,4,94.0125,100.55,0,0,68017,9381,7417,16798,51219,94.0125,100.55,0.0,4.0
2022 summer heat,-1,7/12/2022 19:00,"72,137","9,091","8,749","17,840","54,297",07/12/2022,20,4,95.955,98.64,0,0,72137,9091,8749,17840,54297,95.955,98.64,0.0,4.0
2022 summer heat,0,7/12/2022 20:00,"75,734","8,793","8,801","17,594","58,140",07/12/2022,21,4,555.4525,991.01,1,1,75734,8793,8801,17594,58140,555.4525,991.01,1.0,4.0
2022 summer heat,1,7/12/2022 21:00,"77,573","8,629","8,119","16,748","60,825",07/12/2022,22,4,127.7475,171.49,1,1,77573,8629,8119,16748,60825,127.7475,171.49,1.0,4.0
2022 summer heat,2,7/12/2022 22:00,"78,226","7,988","8,451","16,439","61,787",07/12/2022,23,4,73.8425,76.77,0,0,78226,7988,8451,16439,61787,73.8425,76.77,0.0,4.0
2022 summer heat,3,7/12/2022 23:00,"78,401","7,636","9,277","16,913","61,488",07/12/2022,24,4,70.7175,73.5,0,0,78401,7636,9277,16913,61488,70.7175,73.5,0.0,4.0
2022 summer heat,4,7/13/2022 0:00,"77,651","6,728","10,245","16,973","60,678",07/13/2022,1,4,67.215,67.74,0,0,77651,6728,10245,16973,60678,67.215,67.74,0.0,4.0
2022 summer heat,5,7/13/2022 1:00,"76,311","5,445","11,545","16,990","59,321",07/13/2022,2,4,64.9475,66.93,0,0,76311,5445,11545,16990,59321,64.9475,66.93,0.0,4.0
2022 summer heat,6,7/13/2022 2:00,"74,122","3,371","11,574","14,945","59,177",07/13/2022,3,4,61.55,62.45,0,0,74122,3371,11574,14945,59177,61.55,62.45,0.0,4.0
2022 summer heat,7,7/13/2022 3:00,"71,307",593,"10,392","10,985","60,322",07/13/2022,4,4,60.6075,60.95,0,0,71307,593,10392,10985,60322,60.6075,60.95,0.0,4.0
2022 summer heat,8,7/13/2022 4:00,"68,846",52,"9,497","9,549","59,297",07/13/2022,5,4,60.9525,61.0,0,0,68846,52,9497,9549,59297,60.9525,61.0,0.0,4.0
2022 summer heat,9,7/13/2022 5:00,"64,704",0,"9,664","9,664","55,040",07/13/2022,6,4,61.72,63.18,0,0,64704,0,9664,9664,55040,61.72,63.18,0.0,4.0
2022 summer heat,10,7/13/2022 6:00,"60,401",0,"8,954","8,954","51,447",07/13/2022,7,4,64.9925,65.71,0,0,60401,0,8954,8954,51447,64.9925,65.71,0.0,4.0
2022 summer heat,11,7/13/2022 7:00,"56,346",0,"8,284","8,284","48,062",07/13/2022,8,4,75.185,92.89,0,0,56346,0,8284,8284,48062,75.185,92.89,0.0,4.0
2022 summer heat,12,7/13/2022 8:00,"53,164",0,"6,959","6,959","46,205",07/13/2022,9,4,64.6375,65.35,0,0,53164,0,6959,6959,46205,64.6375,65.35,0.0,4.0
2022 summer heat,13,7/13/2022 9:00,"50,712",0,"6,154","6,154","44,558",07/13/2022,10,4,68.0875,73.85,0,0,50712,0,6154,6154,44558,68.0875,73.85,0.0,4.0
2022 summer heat,14,7/13/2022 10:00,"49,164",0,"5,109","5,109","44,055",07/13/2022,11,4,82.1225,92.34,0,0,49164,0,5109,5109,44055,82.1225,92.34,0.0,4.0
2022 summer heat,15,7/13/2022 11:00,"48,520",0,"4,222","4,222","44,298",07/13/2022,12,4,296.4975,716.4,1,1,48520,0,4222,4222,44298,296.4975,716.4,1.0,4.0
2022 summer heat,16,7/13/2022 12:00,"48,720",0,"3,873","3,873","44,847",07/13/2022,13,3,459.6367,747.92,1,1,48720,0,3873,3873,44847,459.6367,747.92,1.0,3.0
2022 summer heat,17,7/13/2022 13:00,"49,768",25,"3,422","3,447","46,321",,,,,,,,49768,25,3422,3447,46321,,,,
2022 summer heat,18,7/13/2022 14:00,"50,557","1,476","2,611","4,087","46,470",,,,,,,,50557,1476,2611,4087,46470,,,,
2022 summer heat,19,7/13/2022 15:00,"53,510","5,628","1,597","7,225","46,285",,,,,,,,53510,5628,1597,7225,46285,,,,
2022 summer heat,20,7/13/2022 16:00,"57,575","8,098","1,338","9,436","48,139",,,,,,,,57575,8098,1338,9436,48139,,,,
2022 summer heat,21,7/13/2022 17:00,"62,642","9,166","1,019","10,185","52,457",,,,,,,,62642,9166,1019,10185,52457,,,,
2022 summer heat,22,7/13/2022 18:00,"67,577","9,319",696,"10,015","57,562",07/13/2022,19,1,786.61,786.61,1,1,67577,9319,696,10015,57562,786.61,786.61,1.0,1.0
2022 summer heat,23,7/13/2022 19:00,"71,626","9,191",706,"9,897","61,729",07/13/2022,20,2,643.43,973.42,1,1,71626,9191,706,9897,61729,643.43,973.42,1.0,2.0
2022 summer heat,24,7/13/2022 20:00,"74,852","9,054","2,020","11,074","63,778",07/13/2022,21,4,268.4475,339.49,1,1,74852,9054,2020,11074,63778,268.4475,339.49,1.0,4.0
2022 summer heat,25,7/13/2022 21:00,"77,163","8,220","3,960","12,180","64,983",07/13/2022,22,4,94.2625,130.97,1,0,77163,8220,3960,12180,64983,94.2625,130.97,1.0,4.0
2022 summer heat,26,7/13/2022 22:00,"78,005","6,948","5,375","12,323","65,682",07/13/2022,23,4,77.49,82.9,0,0,78005,6948,5375,12323,65682,77.49,82.9,0.0,4.0
2022 summer heat,27,7/13/2022 23:00,"78,292","6,276","6,753","13,029","65,263",07/13/2022,24,4,67.175,71.82,0,0,78292,6276,6753,13029,65263,67.175,71.82,0.0,4.0
2022 summer heat,28,7/14/2022 0:00,"77,710","4,951","7,705","12,656","65,054",07/14/2022,1,4,66.88,68.95,0,0,77710,4951,7705,12656,65054,66.88,68.95,0.0,4.0
2022 summer heat,29,7/14/2022 1:00,"76,279","3,740","7,980","11,720","64,559",07/14/2022,2,4,64.255,64.66,0,0,76279,3740,7980,11720,64559,64.255,64.66,0.0,4.0
2022 summer heat,30,7/14/2022 2:00,"74,458","1,953","9,055","11,008","63,450",07/14/2022,3,4,61.7825,62.98,0,0,74458,1953,9055,11008,63450,61.7825,62.98,0.0,4.0
2022 summer heat,31,7/14/2022 3:00,"71,984",239,"8,528","8,767","63,217",07/14/2022,4,4,53.26,59.54,0,0,71984,239,8528,8767,63217,53.26,59.54,0.0,4.0
2022 summer heat,32,7/14/2022 4:00,"69,786",0,"9,343","9,343","60,443",07/14/2022,5,4,46.4925,47.87,0,0,69786,0,9343,9343,60443,46.4925,47.87,0.0,4.0
2022 summer heat,33,7/14/2022 5:00,"65,949",0,"11,251","11,251","54,698",07/14/2022,6,4,49.405,50.11,0,0,65949,0,11251,11251,54698,49.405,50.11,0.0,4.0
2022 summer heat,34,7/14/2022 6:00,"61,685",0,"10,821","10,821","50,864",07/14/2022,7,4,48.49,50.5,0,0,61685,0,10821,10821,50864,48.49,50.5,0.0,4.0
2022 summer heat,35,7/14/2022 7:00,"57,853",0,"10,237","10,237","47,616",07/14/2022,8,4,47.415,48.09,0,0,57853,0,10237,10237,47616,47.415,48.09,0.0,4.0
2022 summer heat,36,7/14/2022 8:00,"54,735",0,"8,257","8,257","46,478",07/14/2022,9,4,49.4075,50.02,0,0,54735,0,8257,8257,46478,49.4075,50.02,0.0,4.0
2022 summer heat,37,7/14/2022 9:00,"52,277",0,"7,432","7,432","44,845",07/14/2022,10,4,50.1625,55.36,0,0,52277,0,7432,7432,44845,50.1625,55.36,0.0,4.0
2022 summer heat,38,7/14/2022 10:00,"50,781",0,"7,435","7,435","43,346",07/14/2022,11,4,63.9375,68.33,0,0,50781,0,7435,7435,43346,63.9375,68.33,0.0,4.0
2022 summer heat,39,7/14/2022 11:00,"49,823",0,"7,526","7,526","42,297",07/14/2022,12,4,71.2625,74.42,0,0,49823,0,7526,7526,42297,71.2625,74.42,0.0,4.0
2022 summer heat,40,7/14/2022 12:00,"49,944",0,"6,898","6,898","43,046",07/14/2022,13,4,70.075,72.0,0,0,49944,0,6898,6898,43046,70.075,72.0,0.0,4.0
2022 summer heat,41,7/14/2022 13:00,"50,551",12,"7,222","7,234","43,317",07/14/2022,14,4,69.6175,70.96,0,0,50551,12,7222,7234,43317,69.6175,70.96,0.0,4.0
2022 summer heat,42,7/14/2022 14:00,"51,312","1,205","6,886","8,091","43,221",07/14/2022,15,4,63.465,63.76,0,0,51312,1205,6886,8091,43221,63.465,63.76,0.0,4.0
2022 summer heat,43,7/14/2022 15:00,"53,730","5,860","4,562","10,422","43,308",07/14/2022,16,4,54.6125,57.07,0,0,53730,5860,4562,10422,43308,54.6125,57.07,0.0,4.0
2022 summer heat,44,7/14/2022 16:00,"57,372","8,436","3,855","12,291","45,081",07/14/2022,17,4,50.835,52.08,0,0,57372,8436,3855,12291,45081,50.835,52.08,0.0,4.0
2022 summer heat,45,7/14/2022 17:00,"61,366","9,093","3,233","12,326","49,040",07/14/2022,18,4,42.8525,49.98,0,0,61366,9093,3233,12326,49040,42.8525,49.98,0.0,4.0
2022 summer heat,46,7/14/2022 18:00,"64,751","8,952","2,450","11,402","53,349",07/14/2022,19,4,45.96,48.93,0,0,64751,8952,2450,11402,53349,45.96,48.93,0.0,4.0
2022 summer heat,47,7/14/2022 19:00,"67,286","8,828","2,952","11,780","55,506",07/14/2022,20,4,49.665,51.34,0,0,67286,8828,2952,11780,55506,49.665,51.34,0.0,4.0
2022 summer heat,48,7/14/2022 20:00,"68,673","8,562","3,914","12,476","56,197",07/14/2022,21,4,49.1775,51.63,0,0,68673,8562,3914,12476,56197,49.1775,51.63,0.0,4.0
2022 summer heat,49,7/14/2022 21:00,"69,322","7,836","6,249","14,085","55,237",07/14/2022,22,4,45.65,46.95,0,0,69322,7836,6249,14085,55237,45.65,46.95,0.0,4.0
2022 summer heat,50,7/14/2022 22:00,"69,766","7,428","8,879","16,307","53,459",07/14/2022,23,4,41.055,41.58,0,0,69766,7428,8879,16307,53459,41.055,41.58,0.0,4.0
2022 summer heat,51,7/14/2022 23:00,"70,226","6,977","11,950","18,927","51,299",07/14/2022,24,4,40.57,41.01,0,0,70226,6977,11950,18927,51299,40.57,41.01,0.0,4.0
2022 summer heat,52,7/15/2022 0:00,"69,322","6,941","14,341","21,282","48,040",07/15/2022,1,4,48.255,50.46,0,0,69322,6941,14341,21282,48040,48.255,50.46,0.0,4.0
2022 summer heat,53,7/15/2022 1:00,"67,255","5,280","15,150","20,430","46,825",07/15/2022,2,4,50.2825,51.9,0,0,67255,5280,15150,20430,46825,50.2825,51.9,0.0,4.0
2022 summer heat,54,7/15/2022 2:00,"64,395","2,259","14,644","16,903","47,492",07/15/2022,3,4,49.19,52.4,0,0,64395,2259,14644,16903,47492,49.19,52.4,0.0,4.0
2022 summer heat,55,7/15/2022 3:00,"61,982",389,"14,652","15,041","46,941",07/15/2022,4,4,42.5725,44.0,0,0,61982,389,14652,15041,46941,42.5725,44.0,0.0,4.0
2022 summer heat,56,7/15/2022 4:00,"60,113",0,"15,283","15,283","44,830",07/15/2022,5,4,41.7125,41.94,0,0,60113,0,15283,15283,44830,41.7125,41.94,0.0,4.0
2022 summer heat,57,7/15/2022 5:00,"56,661",0,"14,624","14,624","42,037",07/15/2022,6,4,42.495,44.54,0,0,56661,0,14624,14624,42037,42.495,44.54,0.0,4.0
2022 summer heat,58,7/15/2022 6:00,"52,867",0,"12,262","12,262","40,605",07/15/2022,7,4,46.675,48.37,0,0,52867,0,12262,12262,40605,46.675,48.37,0.0,4.0
2022 summer heat,59,7/15/2022 7:00,"49,449",0,"9,473","9,473","39,976",07/15/2022,8,4,49.1875,50.66,0,0,49449,0,9473,9473,39976,49.1875,50.66,0.0,4.0
2022 summer heat,60,7/15/2022 8:00,"46,890",0,"7,221","7,221","39,669",07/15/2022,9,4,50.8025,51.99,0,0,46890,0,7221,7221,39669,50.8025,51.99,0.0,4.0
2022 summer heat,61,7/15/2022 9:00,"45,043",0,"5,965","5,965","39,078",07/15/2022,10,4,53.42,56.21,0,0,45043,0,5965,5965,39078,53.42,56.21,0.0,4.0
2022 summer heat,62,7/15/2022 10:00,"43,813",0,"6,173","6,173","37,640",07/15/2022,11,4,62.8025,66.75,0,0,43813,0,6173,6173,37640,62.8025,66.75,0.0,4.0
2022 summer heat,63,7/15/2022 11:00,"43,456",0,"5,642","5,642","37,814",07/15/2022,12,4,72.6425,74.77,0,0,43456,0,5642,5642,37814,72.6425,74.77,0.0,4.0
2022 summer heat,64,7/15/2022 12:00,"44,001",0,"5,741","5,741","38,260",07/15/2022,13,4,74.5575,75.04,0,0,44001,0,5741,5741,38260,74.5575,75.04,0.0,4.0
2022 summer heat,65,7/15/2022 13:00,"44,891",27,"4,856","4,883","40,008",07/15/2022,14,4,79.6525,84.47,0,0,44891,27,4856,4883,40008,79.6525,84.47,0.0,4.0
2022 summer heat,66,7/15/2022 14:00,"46,232","1,900","3,795","5,695","40,537",07/15/2022,15,4,73.36,74.37,0,0,46232,1900,3795,5695,40537,73.36,74.37,0.0,4.0
2022 summer heat,67,7/15/2022 15:00,"49,291","6,907","2,090","8,997","40,294",07/15/2022,16,4,76.9075,83.61,0,0,49291,6907,2090,8997,40294,76.9075,83.61,0.0,4.0
2022 summer heat,68,7/15/2022 16:00,"53,088","8,987","2,081","11,068","42,020",07/15/2022,17,4,82.48,86.3,0,0,53088,8987,2081,11068,42020,82.48,86.3,0.0,4.0
2022 summer heat,69,7/15/2022 17:00,"57,352","9,238","2,627","11,865","45,487",07/15/2022,18,4,72.95,74.37,0,0,57352,9238,2627,11865,45487,72.95,74.37,0.0,4.0
2022 summer heat,70,7/15/2022 18:00,"61,648","9,208","2,869","12,077","49,571",07/15/2022,19,4,70.17,71.29,0,0,61648,9208,2869,12077,49571,70.17,71.29,0.0,4.0
2022 summer heat,71,7/15/2022 19:00,"65,254","9,293","3,083","12,376","52,878",07/15/2022,20,4,72.4025,73.44,0,0,65254,9293,3083,12376,52878,72.4025,73.44,0.0,4.0
2022 summer heat,72,7/15/2022 20:00,"67,833","9,257","3,175","12,432","55,401",07/15/2022,21,4,76.25,78.38,0,0,67833,9257,3175,12432,55401,76.25,78.38,0.0,4.0
Winter Storm Elliott,-72,12/20/2022 21:00,"45,637","6,012","4,341","10,353","35,284",12/20/2022,22,4,57.2,58.94,0,0,45637,6012,4341,10353,35284,57.2,58.94,0.0,4.0
Winter Storm Elliott,-71,12/20/2022 22:00,"45,358","5,293","4,252","9,545","35,813",12/20/2022,23,4,58.7175,59.19,0,0,45358,5293,4252,9545,35813,58.7175,59.19,0.0,4.0
Winter Storm Elliott,-70,12/20/2022 23:00,"45,843","2,716","4,303","7,019","38,824",12/20/2022,24,4,52.2725,55.8,0,0,45843,2716,4303,7019,38824,52.2725,55.8,0.0,4.0
Winter Storm Elliott,-69,12/21/2022 0:00,"47,887",266,"4,583","4,849","43,038",12/21/2022,1,4,52.035,52.72,0,0,47887,266,4583,4849,43038,52.035,52.72,0.0,4.0
Winter Storm Elliott,-68,12/21/2022 1:00,"49,758",0,"5,684","5,684","44,074",12/21/2022,2,4,47.745,51.07,0,0,49758,0,5684,5684,44074,47.745,51.07,0.0,4.0
Winter Storm Elliott,-67,12/21/2022 2:00,"50,121",0,"6,030","6,030","44,091",12/21/2022,3,4,46.4275,49.9,0,0,50121,0,6030,6030,44091,46.4275,49.9,0.0,4.0
Winter Storm Elliott,-66,12/21/2022 3:00,"49,826",0,"5,846","5,846","43,980",12/21/2022,4,4,51.28,57.93,0,0,49826,0,5846,5846,43980,51.28,57.93,0.0,4.0
Winter Storm Elliott,-65,12/21/2022 4:00,"49,246",0,"5,765","5,765","43,481",12/21/2022,5,4,49.57,53.43,0,0,49246,0,5765,5765,43481,49.57,53.43,0.0,4.0
Winter Storm Elliott,-64,12/21/2022 5:00,"47,777",0,"5,445","5,445","42,332",12/21/2022,6,4,58.9125,63.16,0,0,47777,0,5445,5445,42332,58.9125,63.16,0.0,4.0
Winter Storm Elliott,-63,12/21/2022 6:00,"46,250",0,"5,442","5,442","40,808",12/21/2022,7,4,60.975,65.42,0,0,46250,0,5442,5442,40808,60.975,65.42,0.0,4.0
Winter Storm Elliott,-62,12/21/2022 7:00,"45,096",0,"5,734","5,734","39,362",12/21/2022,8,4,75.745,86.46,0,0,45096,0,5734,5734,39362,75.745,86.46,0.0,4.0
Winter Storm Elliott,-61,12/21/2022 8:00,"44,724",0,"6,234","6,234","38,490",12/21/2022,9,4,126.7225,346.74,1,1,44724,0,6234,6234,38490,126.7225,346.74,1.0,4.0
Winter Storm Elliott,-60,12/21/2022 9:00,"44,718",0,"6,538","6,538","38,180",12/21/2022,10,4,41.505,43.35,0,0,44718,0,6538,6538,38180,41.505,43.35,0.0,4.0
Winter Storm Elliott,-59,12/21/2022 10:00,"45,321",0,"6,611","6,611","38,710",12/21/2022,11,4,34.4475,39.29,0,0,45321,0,6611,6611,38710,34.4475,39.29,0.0,4.0
Winter Storm Elliott,-58,12/21/2022 11:00,"46,779",0,"6,507","6,507","40,272",12/21/2022,12,4,29.1075,31.56,0,0,46779,0,6507,6507,40272,29.1075,31.56,0.0,4.0
Winter Storm Elliott,-57,12/21/2022 12:00,"49,161",0,"7,230","7,230","41,931",12/21/2022,13,4,22.6775,23.76,0,0,49161,0,7230,7230,41931,22.6775,23.76,0.0,4.0
Winter Storm Elliott,-56,12/21/2022 13:00,"52,418",0,"7,699","7,699","44,719",12/21/2022,14,4,20.9925,22.18,0,0,52418,0,7699,7699,44719,20.9925,22.18,0.0,4.0
Winter Storm Elliott,-55,12/21/2022 14:00,"54,049",83,"8,092","8,175","45,874",12/21/2022,15,4,14.3625,19.58,0,0,54049,83,8092,8175,45874,14.3625,19.58,0.0,4.0
Winter Storm Elliott,-54,12/21/2022 15:00,"54,132",940,"8,555","9,495","44,637",12/21/2022,16,4,14.4725,19.97,0,0,54132,940,8555,9495,44637,14.4725,19.97,0.0,4.0
Winter Storm Elliott,-53,12/21/2022 16:00,"53,681","2,062","9,908","11,970","41,711",12/21/2022,17,4,23.7975,26.73,0,0,53681,2062,9908,11970,41711,23.7975,26.73,0.0,4.0
Winter Storm Elliott,-52,12/21/2022 17:00,"52,066","3,528","10,494","14,022","38,044",12/21/2022,18,4,34.9425,42.85,0,0,52066,3528,10494,14022,38044,34.9425,42.85,0.0,4.0
Winter Storm Elliott,-51,12/21/2022 18:00,"50,286","5,090","11,394","16,484","33,802",12/21/2022,19,4,31.475,39.09,0,0,50286,5090,11394,16484,33802,31.475,39.09,0.0,4.0
Winter Storm Elliott,-50,12/21/2022 19:00,"48,867","5,553","13,420","18,973","29,894",12/21/2022,20,4,24.3425,25.59,0,0,48867,5553,13420,18973,29894,24.3425,25.59,0.0,4.0
Winter Storm Elliott,-49,12/21/2022 20:00,"47,691","5,830","13,853","19,683","28,008",12/21/2022,21,4,20.64,24.96,0,0,47691,5830,13853,19683,28008,20.64,24.96,0.0,4.0
Winter Storm Elliott,-48,12/21/2022 21:00,"46,699","6,148","13,603","19,751","26,948",12/21/2022,22,4,0.765,1.07,0,0,46699,6148,13603,19751,26948,0.765,1.07,0.0,4.0
Winter Storm Elliott,-47,12/21/2022 22:00,"46,462","6,273","13,449","19,722","26,740",12/21/2022,23,4,0.43,1.03,0,0,46462,6273,13449,19722,26740,0.43,1.03,0.0,4.0
Winter Storm Elliott,-46,12/21/2022 23:00,"46,892","4,123","13,030","17,153","29,739",12/21/2022,24,4,1.94,2.51,0,0,46892,4123,13030,17153,29739,1.94,2.51,0.0,4.0
Winter Storm Elliott,-45,12/22/2022 0:00,"48,915",587,"12,748","13,335","35,580",12/22/2022,1,4,-0.915,-0.56,0,0,48915,587,12748,13335,35580,-0.915,-0.56,0.0,4.0
Winter Storm Elliott,-44,12/22/2022 1:00,"51,046",0,"15,292","15,292","35,754",12/22/2022,2,4,-1.175,-0.98,0,0,51046,0,15292,15292,35754,-1.175,-0.98,0.0,4.0
Winter Storm Elliott,-43,12/22/2022 2:00,"51,296",0,"18,195","18,195","33,101",12/22/2022,3,4,-1.0625,-0.91,0,0,51296,0,18195,18195,33101,-1.0625,-0.91,0.0,4.0
Winter Storm Elliott,-42,12/22/2022 3:00,"51,592",0,"20,149","20,149","31,443",12/22/2022,4,4,-0.2775,1.0,0,0,51592,0,20149,20149,31443,-0.2775,1.0,0.0,4.0
Winter Storm Elliott,-41,12/22/2022 4:00,"51,061",0,"20,713","20,713","30,348",12/22/2022,5,4,8.9375,14.79,0,0,51061,0,20713,20713,30348,8.9375,14.79,0.0,4.0
Winter Storm Elliott,-40,12/22/2022 5:00,"49,760",0,"20,656","20,656","29,104",12/22/2022,6,4,22.8975,26.59,0,0,49760,0,20656,20656,29104,22.8975,26.59,0.0,4.0
Winter Storm Elliott,-39,12/22/2022 6:00,"48,031",0,"20,633","20,633","27,398",12/22/2022,7,4,20.3975,23.08,0,0,48031,0,20633,20633,27398,20.3975,23.08,0.0,4.0
Winter Storm Elliott,-38,12/22/2022 7:00,"46,571",0,"20,345","20,345","26,226",12/22/2022,8,4,24.2325,26.23,0,0,46571,0,20345,20345,26226,24.2325,26.23,0.0,4.0
Winter Storm Elliott,-37,12/22/2022 8:00,"45,660",0,"20,011","20,011","25,649",12/22/2022,9,4,9.015,20.71,0,0,45660,0,20011,20011,25649,9.015,20.71,0.0,4.0
Winter Storm Elliott,-36,12/22/2022 9:00,"44,901",0,"19,481","19,481","25,420",12/22/2022,10,4,1.01,2.11,0,0,44901,0,19481,19481,25420,1.01,2.11,0.0,4.0
Winter Storm Elliott,-35,12/22/2022 10:00,"44,534",0,"19,254","19,254","25,280",12/22/2022,11,4,-0.545,0.09,0,0,44534,0,19254,19254,25280,-0.545,0.09,0.0,4.0
Winter Storm Elliott,-34,12/22/2022 11:00,"45,010",0,"19,301","19,301","25,709",12/22/2022,12,4,-1.0625,-0.19,0,0,45010,0,19301,19301,25709,-1.0625,-0.19,0.0,4.0
Winter Storm Elliott,-33,12/22/2022 12:00,"46,530",0,"18,742","18,742","27,788",12/22/2022,13,4,-1.9775,-1.88,0,0,46530,0,18742,18742,27788,-1.9775,-1.88,0.0,4.0
Winter Storm Elliott,-32,12/22/2022 13:00,"48,743",0,"19,197","19,197","29,546",12/22/2022,14,4,-1.9725,-1.94,0,0,48743,0,19197,19197,29546,-1.9725,-1.94,0.0,4.0
Winter Storm Elliott,-31,12/22/2022 14:00,"50,469",45,"19,742","19,787","30,682",12/22/2022,15,4,-1.9925,-1.87,0,0,50469,45,19742,19787,30682,-1.9925,-1.87,0.0,4.0
Winter Storm Elliott,-30,12/22/2022 15:00,"52,059","1,473","19,223","20,696","31,363",12/22/2022,16,4,-2.035,-1.88,0,0,52059,1473,19223,20696,31363,-2.035,-1.88,0.0,4.0
Winter Storm Elliott,-29,12/22/2022 16:00,"54,037","1,980","20,096","22,076","31,961",12/22/2022,17,4,-1.8275,-1.71,0,0,54037,1980,20096,22076,31961,-1.8275,-1.71,0.0,4.0
Winter Storm Elliott,-28,12/22/2022 17:00,"55,441","2,347","20,776","23,123","32,318",12/22/2022,18,4,3.2275,14.6,0,0,55441,2347,20776,23123,32318,3.2275,14.6,0.0,4.0
Winter Storm Elliott,-27,12/22/2022 18:00,"56,469","3,115","20,389","23,504","32,965",12/22/2022,19,4,22.23,24.0,0,0,56469,3115,20389,23504,32965,22.23,24.0,0.0,4.0
Winter Storm Elliott,-26,12/22/2022 19:00,"57,240","3,055","20,190","23,245","33,995",12/22/2022,20,4,26.3375,29.64,0,0,57240,3055,20190,23245,33995,26.3375,29.64,0.0,4.0
Winter Storm Elliott,-25,12/22/2022 20:00,"58,349","2,711","20,359","23,070","35,279",12/22/2022,21,4,27.33,31.32,0,0,58349,2711,20359,23070,35279,27.33,31.32,0.0,4.0
Winter Storm Elliott,-24,12/22/2022 21:00,"59,350","2,700","20,280","22,980","36,370",12/22/2022,22,4,30.875,34.62,0,0,59350,2700,20280,22980,36370,30.875,34.62,0.0,4.0
Winter Storm Elliott,-23,12/22/2022 22:00,"60,723","2,616","20,676","23,292","37,431",12/22/2022,23,4,33.3825,37.89,0,0,60723,2616,20676,23292,37431,33.3825,37.89,0.0,4.0
Winter Storm Elliott,-22,12/22/2022 23:00,"62,706","1,744","22,127","23,871","38,835",12/22/2022,24,4,37.3025,38.86,0,0,62706,1744,22127,23871,38835,37.3025,38.86,0.0,4.0
Winter Storm Elliott,-21,12/23/2022 0:00,"66,888",253,"24,079","24,332","42,556",12/23/2022,1,4,40.56,45.24,0,0,66888,253,24079,24332,42556,40.56,45.24,0.0,4.0
Winter Storm Elliott,-20,12/23/2022 1:00,"70,479",0,"24,503","24,503","45,976",12/23/2022,2,4,53.235,60.0,0,0,70479,0,24503,24503,45976,53.235,60.0,0.0,4.0
Winter Storm Elliott,-19,12/23/2022 2:00,"72,107",0,"24,015","24,015","48,092",12/23/2022,3,4,56.605,62.27,0,0,72107,0,24015,24015,48092,56.605,62.27,0.0,4.0
Winter Storm Elliott,-18,12/23/2022 3:00,"73,280",0,"23,714","23,714","49,566",12/23/2022,4,4,135.065,162.92,1,1,73280,0,23714,23714,49566,135.065,162.92,1.0,4.0
Winter Storm Elliott,-17,12/23/2022 4:00,"73,656",0,"23,252","23,252","50,404",12/23/2022,5,4,127.02,163.9,1,1,73656,0,23252,23252,50404,127.02,163.9,1.0,4.0
Winter Storm Elliott,-16,12/23/2022 5:00,"72,771",0,"22,532","22,532","50,239",12/23/2022,6,2,301.145,352.18,1,1,72771,0,22532,22532,50239,301.145,352.18,1.0,2.0
Winter Storm Elliott,-15,12/23/2022 6:00,"71,688",0,"21,445","21,445","50,243",,,,,,,,71688,0,21445,21445,50243,,,,
Winter Storm Elliott,-14,12/23/2022 7:00,"70,968",0,"19,888","19,888","51,080",,,,,,,,70968,0,19888,19888,51080,,,,
Winter Storm Elliott,-13,12/23/2022 8:00,"70,517",0,"17,954","17,954","52,563",12/23/2022,9,3,261.2333,516.41,1,1,70517,0,17954,17954,52563,261.2333,516.41,1.0,3.0
Winter Storm Elliott,-12,12/23/2022 9:00,"70,173",0,"16,519","16,519","53,654",12/23/2022,10,4,63.5375,86.3,0,0,70173,0,16519,16519,53654,63.5375,86.3,0.0,4.0
Winter Storm Elliott,-11,12/23/2022 10:00,"70,342",0,"15,375","15,375","54,967",12/23/2022,11,4,71.33,83.68,0,0,70342,0,15375,15375,54967,71.33,83.68,0.0,4.0
Winter Storm Elliott,-10,12/23/2022 11:00,"70,878",0,"14,936","14,936","55,942",12/23/2022,12,4,72.035,75.04,0,0,70878,0,14936,14936,55942,72.035,75.04,0.0,4.0
Winter Storm Elliott,-9,12/23/2022 12:00,"71,803",0,"14,184","14,184","57,619",12/23/2022,13,4,60.5575,61.95,0,0,71803,0,14184,14184,57619,60.5575,61.95,0.0,4.0
Winter Storm Elliott,-8,12/23/2022 13:00,"73,029",0,"13,341","13,341","59,688",12/23/2022,14,4,60.1675,61.05,0,0,73029,0,13341,13341,59688,60.1675,61.05,0.0,4.0
Winter Storm Elliott,-7,12/23/2022 14:00,"73,976",161,"11,988","12,149","61,827",12/23/2022,15,4,56.8375,60.6,0,0,73976,161,11988,12149,61827,56.8375,60.6,0.0,4.0
Winter Storm Elliott,-6,12/23/2022 15:00,"73,905","2,359","10,304","12,663","61,242",12/23/2022,16,4,51.745,59.02,0,0,73905,2359,10304,12663,61242,51.745,59.02,0.0,4.0
Winter Storm Elliott,-5,12/23/2022 16:00,"73,669","6,286","10,442","16,728","56,941",12/23/2022,17,4,77.5925,91.51,0,0,73669,6286,10442,16728,56941,77.5925,91.51,0.0,4.0
Winter Storm Elliott,-4,12/23/2022 17:00,"72,183","7,431","10,068","17,499","54,684",12/23/2022,18,2,182.125,184.76,1,1,72183,7431,10068,17499,54684,182.125,184.76,1.0,2.0
Winter Storm Elliott,-3,12/23/2022 18:00,"69,978","7,447","9,448","16,895","53,083",12/23/2022,19,3,616.4233,896.94,1,1,69978,7447,9448,16895,53083,616.4233,896.94,1.0,3.0
Winter Storm Elliott,-2,12/23/2022 19:00,"67,428","7,570","8,799","16,369","51,059",12/23/2022,20,1,907.4,907.4,1,1,67428,7570,8799,16369,51059,907.4,907.4,1.0,1.0
Winter Storm Elliott,-1,12/23/2022 20:00,"65,491","7,581","8,425","16,006","49,485",12/23/2022,21,1,724.03,724.03,1,1,65491,7581,8425,16006,49485,724.03,724.03,1.0,1.0
Winter Storm Elliott,0,12/23/2022 21:00,"63,824","7,312","7,354","14,666","49,158",12/23/2022,22,4,441.33,923.65,1,1,63824,7312,7354,14666,49158,441.33,923.65,1.0,4.0
Winter Storm Elliott,1,12/23/2022 22:00,"63,400","7,141","6,547","13,688","49,712",12/23/2022,23,4,174.61,202.87,1,1,63400,7141,6547,13688,49712,174.61,202.87,1.0,4.0
Winter Storm Elliott,2,12/23/2022 23:00,"64,294","3,862","5,867","9,729","54,565",12/23/2022,24,4,103.4575,119.88,0,0,64294,3862,5867,9729,54565,103.4575,119.88,0.0,4.0
Winter Storm Elliott,3,12/24/2022 0:00,"66,586",455,"4,647","5,102","61,484",12/24/2022,1,4,85.57,89.67,0,0,66586,455,4647,5102,61484,85.57,89.67,0.0,4.0
Winter Storm Elliott,4,12/24/2022 1:00,"67,948",0,"3,588","3,588","64,360",12/24/2022,2,4,79.2575,80.57,0,0,67948,0,3588,3588,64360,79.2575,80.57,0.0,4.0
Winter Storm Elliott,5,12/24/2022 2:00,"67,979",0,"3,083","3,083","64,896",12/24/2022,3,4,79.685,84.63,0,0,67979,0,3083,3083,64896,79.685,84.63,0.0,4.0
Winter Storm Elliott,6,12/24/2022 3:00,"67,847",0,"2,747","2,747","65,100",12/24/2022,4,4,77.8925,78.47,0,0,67847,0,2747,2747,65100,77.8925,78.47,0.0,4.0
Winter Storm Elliott,7,12/24/2022 4:00,"67,328",0,"2,694","2,694","64,634",12/24/2022,5,4,78.9525,82.15,0,0,67328,0,2694,2694,64634,78.9525,82.15,0.0,4.0
Winter Storm Elliott,8,12/24/2022 5:00,"66,295",0,"2,618","2,618","63,677",12/24/2022,6,4,85.6725,88.68,0,0,66295,0,2618,2618,63677,85.6725,88.68,0.0,4.0
Winter Storm Elliott,9,12/24/2022 6:00,"64,787",0,"2,766","2,766","62,021",12/24/2022,7,4,105.605,122.71,1,0,64787,0,2766,2766,62021,105.605,122.71,1.0,4.0
Winter Storm Elliott,10,12/24/2022 7:00,"63,442",0,"3,407","3,407","60,035",12/24/2022,8,4,117.165,138.64,1,0,63442,0,3407,3407,60035,117.165,138.64,1.0,4.0
Winter Storm Elliott,11,12/24/2022 8:00,"62,828",0,"4,172","4,172","58,656",12/24/2022,9,4,66.825,80.01,0,0,62828,0,4172,4172,58656,66.825,80.01,0.0,4.0
Winter Storm Elliott,12,12/24/2022 9:00,"62,597",0,"4,420","4,420","58,177",12/24/2022,10,4,49.3775,53.57,0,0,62597,0,4420,4420,58177,49.3775,53.57,0.0,4.0
Winter Storm Elliott,13,12/24/2022 10:00,"62,671",0,"4,579","4,579","58,092",12/24/2022,11,4,37.9,41.85,0,0,62671,0,4579,4579,58092,37.9,41.85,0.0,4.0
Winter Storm Elliott,14,12/24/2022 11:00,"62,965",0,"4,774","4,774","58,191",12/24/2022,12,4,32.5,33.27,0,0,62965,0,4774,4774,58191,32.5,33.27,0.0,4.0
Winter Storm Elliott,15,12/24/2022 12:00,"63,543",0,"4,665","4,665","58,878",12/24/2022,13,4,29.6875,31.26,0,0,63543,0,4665,4665,58878,29.6875,31.26,0.0,4.0
Winter Storm Elliott,16,12/24/2022 13:00,"64,614",0,"4,796","4,796","59,818",12/24/2022,14,4,26.6575,27.18,0,0,64614,0,4796,4796,59818,26.6575,27.18,0.0,4.0
Winter Storm Elliott,17,12/24/2022 14:00,"65,587",127,"4,939","5,066","60,521",12/24/2022,15,4,25.66,26.25,0,0,65587,127,4939,5066,60521,25.66,26.25,0.0,4.0
Winter Storm Elliott,18,12/24/2022 15:00,"65,229","3,185","4,900","8,085","57,144",12/24/2022,16,4,25.3375,26.0,0,0,65229,3185,4900,8085,57144,25.3375,26.0,0.0,4.0
Winter Storm Elliott,19,12/24/2022 16:00,"63,923","7,481","4,476","11,957","51,966",12/24/2022,17,4,35.1975,45.89,0,0,63923,7481,4476,11957,51966,35.1975,45.89,0.0,4.0
Winter Storm Elliott,20,12/24/2022 17:00,"61,422","8,521","4,825","13,346","48,076",12/24/2022,18,4,68.07,75.0,0,0,61422,8521,4825,13346,48076,68.07,75.0,0.0,4.0
Winter Storm Elliott,21,12/24/2022 18:00,"58,491","8,395","4,762","13,157","45,334",12/24/2022,19,4,75.3425,76.13,0,0,58491,8395,4762,13157,45334,75.3425,76.13,0.0,4.0
Winter Storm Elliott,22,12/24/2022 19:00,"55,436","8,236","4,488","12,724","42,712",12/24/2022,20,4,75.1575,75.25,0,0,55436,8236,4488,12724,42712,75.1575,75.25,0.0,4.0
Winter Storm Elliott,23,12/24/2022 20:00,"52,702","8,440","3,666","12,106","40,596",12/24/2022,21,4,75.7625,77.33,0,0,52702,8440,3666,12106,40596,75.7625,77.33,0.0,4.0
Winter Storm Elliott,24,12/24/2022 21:00,"50,643","8,763","2,955","11,718","38,925",12/24/2022,22,4,74.64,75.2,0,0,50643,8763,2955,11718,38925,74.64,75.2,0.0,4.0
Winter Storm Elliott,25,12/24/2022 22:00,"49,750","8,572","2,489","11,061","38,689",12/24/2022,23,4,63.7625,68.47,0,0,49750,8572,2489,11061,38689,63.7625,68.47,0.0,4.0
Winter Storm Elliott,26,12/24/2022 23:00,"50,111","5,623","1,846","7,469","42,642",12/24/2022,24,4,53.86,61.29,0,0,50111,5623,1846,7469,42642,53.86,61.29,0.0,4.0
Winter Storm Elliott,27,12/25/2022 0:00,"53,090",700,"1,640","2,340","50,750",12/25/2022,1,4,49.41,51.86,0,0,53090,700,1640,2340,50750,49.41,51.86,0.0,4.0
Winter Storm Elliott,28,12/25/2022 1:00,"56,009",0,"1,639","1,639","54,370",12/25/2022,2,4,48.4775,50.98,0,0,56009,0,1639,1639,54370,48.4775,50.98,0.0,4.0
Winter Storm Elliott,29,12/25/2022 2:00,"57,020",0,"2,140","2,140","54,880",12/25/2022,3,4,51.9,56.14,0,0,57020,0,2140,2140,54880,51.9,56.14,0.0,4.0
Winter Storm Elliott,30,12/25/2022 3:00,"57,657",0,"2,657","2,657","55,000",12/25/2022,4,4,54.3975,56.41,0,0,57657,0,2657,2657,55000,54.3975,56.41,0.0,4.0
Winter Storm Elliott,31,12/25/2022 4:00,"57,983",0,"3,705","3,705","54,278",12/25/2022,5,4,61.0375,64.85,0,0,57983,0,3705,3705,54278,61.0375,64.85,0.0,4.0
Winter Storm Elliott,32,12/25/2022 5:00,"57,703",0,"5,348","5,348","52,355",12/25/2022,6,4,76.09,79.15,0,0,57703,0,5348,5348,52355,76.09,79.15,0.0,4.0
Winter Storm Elliott,33,12/25/2022 6:00,"57,394",0,"6,404","6,404","50,990",12/25/2022,7,4,79.145,80.6,0,0,57394,0,6404,6404,50990,79.145,80.6,0.0,4.0
Winter Storm Elliott,34,12/25/2022 7:00,"57,206",0,"7,263","7,263","49,943",12/25/2022,8,4,79.2025,81.12,0,0,57206,0,7263,7263,49943,79.2025,81.12,0.0,4.0
Winter Storm Elliott,35,12/25/2022 8:00,"57,211",0,"7,916","7,916","49,295",12/25/2022,9,4,58.2825,74.02,0,0,57211,0,7916,7916,49295,58.2825,74.02,0.0,4.0
Winter Storm Elliott,36,12/25/2022 9:00,"57,448",0,"8,052","8,052","49,396",12/25/2022,10,4,37.0725,42.23,0,0,57448,0,8052,8052,49396,37.0725,42.23,0.0,4.0
Winter Storm Elliott,37,12/25/2022 10:00,"57,603",0,"8,115","8,115","49,488",12/25/2022,11,4,31.655,32.71,0,0,57603,0,8115,8115,49488,31.655,32.71,0.0,4.0
Winter Storm Elliott,38,12/25/2022 11:00,"57,885",0,"7,921","7,921","49,964",12/25/2022,12,4,26.0225,29.65,0,0,57885,0,7921,7921,49964,26.0225,29.65,0.0,4.0
Winter Storm Elliott,39,12/25/2022 12:00,"58,784",0,"7,261","7,261","51,523",12/25/2022,13,4,1.14,4.55,0,0,58784,0,7261,7261,51523,1.14,4.55,0.0,4.0
Winter Storm Elliott,40,12/25/2022 13:00,"59,871",0,"6,477","6,477","53,394",12/25/2022,14,4,-0.255,0.0,0,0,59871,0,6477,6477,53394,-0.255,0.0,0.0,4.0
Winter Storm Elliott,41,12/25/2022 14:00,"60,881",173,"5,835","6,008","54,873",12/25/2022,15,4,-2.0375,-1.42,0,0,60881,173,5835,6008,54873,-2.0375,-1.42,0.0,4.0
Winter Storm Elliott,42,12/25/2022 15:00,"59,718","3,464","5,213","8,677","51,041",12/25/2022,16,4,-3.655,-3.04,0,0,59718,3464,5213,8677,51041,-3.655,-3.04,0.0,4.0
Winter Storm Elliott,43,12/25/2022 16:00,"56,382","8,171","3,087","11,258","45,124",12/25/2022,17,4,-0.7225,2.65,0,0,56382,8171,3087,11258,45124,-0.7225,2.65,0.0,4.0
Winter Storm Elliott,44,12/25/2022 17:00,"52,388","8,636","2,058","10,694","41,694",12/25/2022,18,4,24.96,26.09,0,0,52388,8636,2058,10694,41694,24.96,26.09,0.0,4.0
Winter Storm Elliott,45,12/25/2022 18:00,"48,781","8,290","2,896","11,186","37,595",12/25/2022,19,4,17.9,24.27,0,0,48781,8290,2896,11186,37595,17.9,24.27,0.0,4.0
Winter Storm Elliott,46,12/25/2022 19:00,"45,669","7,038","4,932","11,970","33,699",12/25/2022,20,4,11.475,19.86,0,0,45669,7038,4932,11970,33699,11.475,19.86,0.0,4.0
Winter Storm Elliott,47,12/25/2022 20:00,"43,005","4,614","6,322","10,936","32,069",12/25/2022,21,4,12.215,14.17,0,0,43005,4614,6322,10936,32069,12.215,14.17,0.0,4.0
Winter Storm Elliott,48,12/25/2022 21:00,"41,227","3,089","6,690","9,779","31,448",12/25/2022,22,4,14.42,16.46,0,0,41227,3089,6690,9779,31448,14.42,16.46,0.0,4.0
Winter Storm Elliott,49,12/25/2022 22:00,"40,420","2,053","7,048","9,101","31,319",12/25/2022,23,4,7.7125,10.7,0,0,40420,2053,7048,9101,31319,7.7125,10.7,0.0,4.0
Winter Storm Elliott,50,12/25/2022 23:00,"40,858","1,830","7,776","9,606","31,252",12/25/2022,24,4,2.9975,7.5,0,0,40858,1830,7776,9606,31252,2.9975,7.5,0.0,4.0
Winter Storm Elliott,51,12/26/2022 0:00,"43,692",458,"9,347","9,805","33,887",12/26/2022,1,4,18.9625,21.34,0,0,43692,458,9347,9805,33887,18.9625,21.34,0.0,4.0
Winter Storm Elliott,52,12/26/2022 1:00,"46,920",0,"13,712","13,712","33,208",12/26/2022,2,4,23.11,24.14,0,0,46920,0,13712,13712,33208,23.11,24.14,0.0,4.0
Winter Storm Elliott,53,12/26/2022 2:00,"48,454",0,"16,099","16,099","32,355",12/26/2022,3,4,25.2975,27.24,0,0,48454,0,16099,16099,32355,25.2975,27.24,0.0,4.0
Winter Storm Elliott,54,12/26/2022 3:00,"49,601",0,"16,987","16,987","32,614",12/26/2022,4,4,33.01,34.17,0,0,49601,0,16987,16987,32614,33.01,34.17,0.0,4.0
Winter Storm Elliott,55,12/26/2022 4:00,"50,129",0,"17,201","17,201","32,928",12/26/2022,5,4,36.165,37.73,0,0,50129,0,17201,17201,32928,36.165,37.73,0.0,4.0
Winter Storm Elliott,56,12/26/2022 5:00,"49,985",0,"18,058","18,058","31,927",12/26/2022,6,4,43.15,46.17,0,0,49985,0,18058,18058,31927,43.15,46.17,0.0,4.0
Winter Storm Elliott,57,12/26/2022 6:00,"49,654",0,"18,783","18,783","30,871",12/26/2022,7,4,46.4025,46.83,0,0,49654,0,18783,18783,30871,46.4025,46.83,0.0,4.0
Winter Storm Elliott,58,12/26/2022 7:00,"49,027",0,"18,340","18,340","30,687",12/26/2022,8,4,40.915,45.1,0,0,49027,0,18340,18340,30687,40.915,45.1,0.0,4.0
Winter Storm Elliott,59,12/26/2022 8:00,"48,912",0,"17,595","17,595","31,317",12/26/2022,9,4,22.73,30.29,0,0,48912,0,17595,17595,31317,22.73,30.29,0.0,4.0
Winter Storm Elliott,60,12/26/2022 9:00,"48,992",0,"15,516","15,516","33,476",12/26/2022,10,4,5.2125,7.16,0,0,48992,0,15516,15516,33476,5.2125,7.16,0.0,4.0
Winter Storm Elliott,61,12/26/2022 10:00,"49,511",0,"13,370","13,370","36,141",12/26/2022,11,4,0.7425,2.34,0,0,49511,0,13370,13370,36141,0.7425,2.34,0.0,4.0
Winter Storm Elliott,62,12/26/2022 11:00,"50,490",0,"12,314","12,314","38,176",12/26/2022,12,4,-1.56,-0.01,0,0,50490,0,12314,12314,38176,-1.56,-0.01,0.0,4.0
Winter Storm Elliott,63,12/26/2022 12:00,"51,958",0,"10,826","10,826","41,132",12/26/2022,13,4,-4.5,-3.8,0,0,51958,0,10826,10826,41132,-4.5,-3.8,0.0,4.0
Winter Storm Elliott,64,12/26/2022 13:00,"53,549",0,"10,705","10,705","42,844",12/26/2022,14,4,-9.56,-5.32,0,0,53549,0,10705,10705,42844,-9.56,-5.32,0.0,4.0
Winter Storm Elliott,65,12/26/2022 14:00,"54,530",135,"12,396","12,531","41,999",12/26/2022,15,4,-7.0425,-4.42,0,0,54530,135,12396,12531,41999,-7.0425,-4.42,0.0,4.0
Winter Storm Elliott,66,12/26/2022 15:00,"53,907","3,169","13,975","17,144","36,763",12/26/2022,16,4,-2.4175,-0.91,0,0,53907,3169,13975,17144,36763,-2.4175,-0.91,0.0,4.0
Winter Storm Elliott,67,12/26/2022 16:00,"52,219","7,250","12,842","20,092","32,127",12/26/2022,17,4,7.165,24.69,0,0,52219,7250,12842,20092,32127,7.165,24.69,0.0,4.0
Winter Storm Elliott,68,12/26/2022 17:00,"50,252","6,702","13,862","20,564","29,688",12/26/2022,18,4,34.8425,40.5,0,0,50252,6702,13862,20564,29688,34.8425,40.5,0.0,4.0
Winter Storm Elliott,69,12/26/2022 18:00,"47,987","3,535","15,764","19,299","28,688",12/26/2022,19,4,38.26,39.62,0,0,47987,3535,15764,19299,28688,38.26,39.62,0.0,4.0
Winter Storm Elliott,70,12/26/2022 19:00,"45,633","1,896","15,291","17,187","28,446",12/26/2022,20,4,40.5475,42.19,0,0,45633,1896,15291,17187,28446,40.5475,42.19,0.0,4.0
Winter Storm Elliott,71,12/26/2022 20:00,"43,255","1,284","13,851","15,135","28,120",12/26/2022,21,4,48.0,57.2,0,0,43255,1284,13851,15135,28120,48.0,57.2,0.0,4.0
Winter Storm Elliott,72,12/26/2022 21:00,"41,400","1,257","12,235","13,492","27,908",12/26/2022,22,4,53.9525,55.57,0,0,41400,1257,12235,13492,27908,53.9525,55.57,0.0,4.0
August 2023 heat,-72,8/9/2023 19:00,"77,270","12,679","17,122","29,801","47,469",08/09/2023,20,2,815.46,849.86,1,1,77270,12679,17122,29801,47469,815.46,849.86,1.0,2.0
August 2023 heat,-71,8/9/2023 20:00,"80,662","12,615","14,672","27,287","53,375",08/09/2023,21,4,314.5125,798.35,1,1,80662,12615,14672,27287,53375,314.5125,798.35,1.0,4.0
August 2023 heat,-70,8/9/2023 21:00,"83,005","12,293","13,132","25,425","57,580",08/09/2023,22,4,74.2875,90.71,0,0,83005,12293,13132,25425,57580,74.2875,90.71,0.0,4.0
August 2023 heat,-69,8/9/2023 22:00,"83,395","12,025","12,333","24,358","59,037",08/09/2023,23,4,50.1025,58.02,0,0,83395,12025,12333,24358,59037,50.1025,58.02,0.0,4.0
August 2023 heat,-68,8/9/2023 23:00,"83,809","11,668","11,541","23,209","60,600",08/09/2023,24,4,32.6675,46.58,0,0,83809,11668,11541,23209,60600,32.6675,46.58,0.0,4.0
August 2023 heat,-67,8/10/2023 0:00,"83,961","11,194","10,785","21,979","61,982",08/10/2023,1,4,28.2025,29.4,0,0,83961,11194,10785,21979,61982,28.2025,29.4,0.0,4.0
August 2023 heat,-66,8/10/2023 1:00,"83,076","8,995","10,909","19,904","63,172",08/10/2023,2,4,27.0675,27.19,0,0,83076,8995,10909,19904,63172,27.0675,27.19,0.0,4.0
August 2023 heat,-65,8/10/2023 2:00,"80,541","3,949","11,657","15,606","64,935",08/10/2023,3,4,31.005,32.1,0,0,80541,3949,11657,15606,64935,31.005,32.1,0.0,4.0
August 2023 heat,-64,8/10/2023 3:00,"78,049",247,"13,463","13,710","64,339",08/10/2023,4,4,28.1725,29.77,0,0,78049,247,13463,13710,64339,28.1725,29.77,0.0,4.0
August 2023 heat,-63,8/10/2023 4:00,"75,739",1,"15,101","15,102","60,637",08/10/2023,5,4,26.78,27.21,0,0,75739,1,15101,15102,60637,26.78,27.21,0.0,4.0
August 2023 heat,-62,8/10/2023 5:00,"71,385",0,"17,038","17,038","54,347",08/10/2023,6,4,27.505,27.95,0,0,71385,0,17038,17038,54347,27.505,27.95,0.0,4.0
August 2023 heat,-61,8/10/2023 6:00,"67,331",0,"17,983","17,983","49,348",08/10/2023,7,4,28.2925,28.79,0,0,67331,0,17983,17983,49348,28.2925,28.79,0.0,4.0
August 2023 heat,-60,8/10/2023 7:00,"63,828",0,"16,811","16,811","47,017",08/10/2023,8,4,27.285,27.84,0,0,63828,0,16811,16811,47017,27.285,27.84,0.0,4.0
August 2023 heat,-59,8/10/2023 8:00,"61,178",0,"15,029","15,029","46,149",08/10/2023,9,4,26.1575,26.42,0,0,61178,0,15029,15029,46149,26.1575,26.42,0.0,4.0
August 2023 heat,-58,8/10/2023 9:00,"59,147",0,"12,561","12,561","46,586",08/10/2023,10,4,28.905,30.01,0,0,59147,0,12561,12561,46586,28.905,30.01,0.0,4.0
August 2023 heat,-57,8/10/2023 10:00,"57,652",0,"12,166","12,166","45,486",08/10/2023,11,4,31.2425,35.85,0,0,57652,0,12166,12166,45486,31.2425,35.85,0.0,4.0
August 2023 heat,-56,8/10/2023 11:00,"56,954",0,"12,373","12,373","44,581",08/10/2023,12,4,34.6375,42.31,0,0,56954,0,12373,12373,44581,34.6375,42.31,0.0,4.0
August 2023 heat,-55,8/10/2023 12:00,"57,147",0,"12,125","12,125","45,022",08/10/2023,13,4,63.9175,96.05,0,0,57147,0,12125,12125,45022,63.9175,96.05,0.0,4.0
August 2023 heat,-54,8/10/2023 13:00,"58,113",2,"11,276","11,278","46,835",08/10/2023,14,4,255.67,503.63,1,1,58113,2,11276,11278,46835,255.67,503.63,1.0,4.0
August 2023 heat,-53,8/10/2023 14:00,"58,230","1,299","10,207","11,506","46,724",08/10/2023,15,1,929.07,929.07,1,1,58230,1299,10207,11506,46724,929.07,929.07,1.0,1.0
August 2023 heat,-52,8/10/2023 15:00,"60,734","7,006","8,514","15,520","45,214",,,,,,,,60734,7006,8514,15520,45214,,,,
August 2023 heat,-51,8/10/2023 16:00,"64,432","10,965","8,447","19,412","45,020",,,,,,,,64432,10965,8447,19412,45020,,,,
August 2023 heat,-50,8/10/2023 17:00,"68,914","12,224","8,118","20,342","48,572",08/10/2023,18,1,570.65,570.65,1,1,68914,12224,8118,20342,48572,570.65,570.65,1.0,1.0
August 2023 heat,-49,8/10/2023 18:00,"73,664","12,586","7,602","20,188","53,476",08/10/2023,19,3,423.6167,569.96,1,1,73664,12586,7602,20188,53476,423.6167,569.96,1.0,3.0
August 2023 heat,-48,8/10/2023 19:00,"77,969","12,854","7,086","19,940","58,029",08/10/2023,20,2,226.935,279.74,1,1,77969,12854,7086,19940,58029,226.935,279.74,1.0,2.0
August 2023 heat,-47,8/10/2023 20:00,"81,425","12,816","6,505","19,321","62,104",08/10/2023,21,4,283.83,669.4,1,1,81425,12816,6505,19321,62104,283.83,669.4,1.0,4.0
August 2023 heat,-46,8/10/2023 21:00,"83,304","12,847","6,481","19,328","63,976",08/10/2023,22,4,33.7675,37.09,0,0,83304,12847,6481,19328,63976,33.7675,37.09,0.0,4.0
August 2023 heat,-45,8/10/2023 22:00,"84,539","12,535","6,953","19,488","65,051",08/10/2023,23,4,42.48,46.09,0,0,84539,12535,6953,19488,65051,42.48,46.09,0.0,4.0
August 2023 heat,-44,8/10/2023 23:00,"85,155","11,874","7,519","19,393","65,762",08/10/2023,24,4,32.61,38.0,0,0,85155,11874,7519,19393,65762,32.61,38.0,0.0,4.0
August 2023 heat,-43,8/11/2023 0:00,"85,432","10,431","9,557","19,988","65,444",08/11/2023,1,4,33.1275,34.14,0,0,85432,10431,9557,19988,65444,33.1275,34.14,0.0,4.0
August 2023 heat,-42,8/11/2023 1:00,"84,543","8,136","11,480","19,616","64,927",08/11/2023,2,4,31.6825,32.25,0,0,84543,8136,11480,19616,64927,31.6825,32.25,0.0,4.0
August 2023 heat,-41,8/11/2023 2:00,"81,985","3,369","12,721","16,090","65,895",08/11/2023,3,4,29.72,32.31,0,0,81985,3369,12721,16090,65895,29.72,32.31,0.0,4.0
August 2023 heat,-40,8/11/2023 3:00,"79,573",208,"14,437","14,645","64,928",08/11/2023,4,4,26.825,27.76,0,0,79573,208,14437,14645,64928,26.825,27.76,0.0,4.0
August 2023 heat,-39,8/11/2023 4:00,"77,663",0,"17,630","17,630","60,033",08/11/2023,5,4,25.8475,26.93,0,0,77663,0,17630,17630,60033,25.8475,26.93,0.0,4.0
August 2023 heat,-38,8/11/2023 5:00,"73,687",0,"17,624","17,624","56,063",08/11/2023,6,4,30.795,33.36,0,0,73687,0,17624,17624,56063,30.795,33.36,0.0,4.0
August 2023 heat,-37,8/11/2023 6:00,"69,544",0,"18,198","18,198","51,346",08/11/2023,7,4,24.885,29.32,0,0,69544,0,18198,18198,51346,24.885,29.32,0.0,4.0
August 2023 heat,-36,8/11/2023 7:00,"65,703",0,"17,854","17,854","47,849",08/11/2023,8,4,22.025,22.22,0,0,65703,0,17854,17854,47849,22.025,22.22,0.0,4.0
August 2023 heat,-35,8/11/2023 8:00,"62,730",0,"16,181","16,181","46,549",08/11/2023,9,4,21.26,21.65,0,0,62730,0,16181,16181,46549,21.26,21.65,0.0,4.0
August 2023 heat,-34,8/11/2023 9:00,"60,394",0,"16,115","16,115","44,279",08/11/2023,10,4,20.1225,20.27,0,0,60394,0,16115,16115,44279,20.1225,20.27,0.0,4.0
August 2023 heat,-33,8/11/2023 10:00,"58,945",0,"16,596","16,596","42,349",08/11/2023,11,4,13.25,16.29,0,0,58945,0,16596,16596,42349,13.25,16.29,0.0,4.0
August 2023 heat,-32,8/11/2023 11:00,"58,338",0,"16,885","16,885","41,453",08/11/2023,12,4,30.75,40.1,0,0,58338,0,16885,16885,41453,30.75,40.1,0.0,4.0
August 2023 heat,-31,8/11/2023 12:00,"58,733",0,"17,347","17,347","41,386",08/11/2023,13,4,48.6425,70.04,0,0,58733,0,17347,17347,41386,48.6425,70.04,0.0,4.0
August 2023 heat,-30,8/11/2023 13:00,"59,633",1,"18,190","18,191","41,442",08/11/2023,14,4,81.8525,119.79,0,0,59633,1,18190,18191,41442,81.8525,119.79,0.0,4.0
August 2023 heat,-29,8/11/2023 14:00,"59,624","1,130","17,589","18,719","40,905",08/11/2023,15,4,157.105,182.14,1,1,59624,1130,17589,18719,40905,157.105,182.14,1.0,4.0
August 2023 heat,-28,8/11/2023 15:00,"62,084","6,305","15,709","22,014","40,070",08/11/2023,16,4,612.265,766.15,1,1,62084,6305,15709,22014,40070,612.265,766.15,1.0,4.0
August 2023 heat,-27,8/11/2023 16:00,"66,055","10,609","17,414","28,023","38,032",08/11/2023,17,2,815.52,982.48,1,1,66055,10609,17414,28023,38032,815.52,982.48,1.0,2.0
August 2023 heat,-26,8/11/2023 17:00,"70,382","12,229","17,255","29,484","40,898",08/11/2023,18,1,861.47,861.47,1,1,70382,12229,17255,29484,40898,861.47,861.47,1.0,1.0
August 2023 heat,-25,8/11/2023 18:00,"74,369","12,815","14,098","26,913","47,456",08/11/2023,19,3,631.0933,865.6,1,1,74369,12815,14098,26913,47456,631.0933,865.6,1.0,3.0
August 2023 heat,-24,8/11/2023 19:00,"78,198","13,050","11,012","24,062","54,136",08/11/2023,20,2,374.62,540.84,1,1,78198,13050,11012,24062,54136,374.62,540.84,1.0,2.0
August 2023 heat,-23,8/11/2023 20:00,"81,719","13,164","9,423","22,587","59,132",08/11/2023,21,4,132.035,244.1,1,1,81719,13164,9423,22587,59132,132.035,244.1,1.0,4.0
August 2023 heat,-22,8/11/2023 21:00,"83,839","12,600","9,275","21,875","61,964",08/11/2023,22,4,31.525,35.85,0,0,83839,12600,9275,21875,61964,31.525,35.85,0.0,4.0
August 2023 heat,-21,8/11/2023 22:00,"84,757","12,326","9,599","21,925","62,832",08/11/2023,23,4,30.4375,31.72,0,0,84757,12326,9599,21925,62832,30.4375,31.72,0.0,4.0
August 2023 heat,-20,8/11/2023 23:00,"84,922","11,949","10,017","21,966","62,956",08/11/2023,24,4,28.6425,32.0,0,0,84922,11949,10017,21966,62956,28.6425,32.0,0.0,4.0
August 2023 heat,-19,8/12/2023 0:00,"84,434","10,892","10,851","21,743","62,691",08/12/2023,1,4,27.29,28.15,0,0,84434,10892,10851,21743,62691,27.29,28.15,0.0,4.0
August 2023 heat,-18,8/12/2023 1:00,"83,212","7,824","11,933","19,757","63,455",08/12/2023,2,4,23.88,25.21,0,0,83212,7824,11933,19757,63455,23.88,25.21,0.0,4.0
August 2023 heat,-17,8/12/2023 2:00,"80,385","2,125","13,542","15,667","64,718",08/12/2023,3,4,22.4425,22.93,0,0,80385,2125,13542,15667,64718,22.4425,22.93,0.0,4.0
August 2023 heat,-16,8/12/2023 3:00,"77,882",74,"15,233","15,307","62,575",08/12/2023,4,4,21.365,22.02,0,0,77882,74,15233,15307,62575,21.365,22.02,0.0,4.0
August 2023 heat,-15,8/12/2023 4:00,"75,957",0,"18,533","18,533","57,424",08/12/2023,5,4,21.175,21.27,0,0,75957,0,18533,18533,57424,21.175,21.27,0.0,4.0
August 2023 heat,-14,8/12/2023 5:00,"72,279",0,"20,285","20,285","51,994",08/12/2023,6,4,20.4925,20.87,0,0,72279,0,20285,20285,51994,20.4925,20.87,0.0,4.0
August 2023 heat,-13,8/12/2023 6:00,"68,351",0,"21,062","21,062","47,289",08/12/2023,7,4,20.7675,22.16,0,0,68351,0,21062,21062,47289,20.7675,22.16,0.0,4.0
August 2023 heat,-12,8/12/2023 7:00,"64,767",0,"20,260","20,260","44,507",08/12/2023,8,4,21.2875,21.7,0,0,64767,0,20260,20260,44507,21.2875,21.7,0.0,4.0
August 2023 heat,-11,8/12/2023 8:00,"61,899",1,"19,570","19,571","42,328",08/12/2023,9,4,15.3775,19.6,0,0,61899,1,19570,19571,42328,15.3775,19.6,0.0,4.0
August 2023 heat,-10,8/12/2023 9:00,"59,672",0,"19,156","19,156","40,516",08/12/2023,10,4,0.1525,0.21,0,0,59672,0,19156,19156,40516,0.1525,0.21,0.0,4.0
August 2023 heat,-9,8/12/2023 10:00,"58,119",0,"19,322","19,322","38,797",08/12/2023,11,4,6.95,15.44,0,0,58119,0,19322,19322,38797,6.95,15.44,0.0,4.0
August 2023 heat,-8,8/12/2023 11:00,"56,994",0,"18,825","18,825","38,169",08/12/2023,12,4,19.6575,22.64,0,0,56994,0,18825,18825,38169,19.6575,22.64,0.0,4.0
August 2023 heat,-7,8/12/2023 12:00,"56,318",0,"18,884","18,884","37,434",08/12/2023,13,4,25.945,28.02,0,0,56318,0,18884,18884,37434,25.945,28.02,0.0,4.0
August 2023 heat,-6,8/12/2023 13:00,"56,293",2,"18,948","18,950","37,343",08/12/2023,14,4,39.305,59.44,0,0,56293,2,18948,18950,37343,39.305,59.44,0.0,4.0
August 2023 heat,-5,8/12/2023 14:00,"56,460","1,157","17,985","19,142","37,318",08/12/2023,15,4,78.1225,157.02,1,0,56460,1157,17985,19142,37318,78.1225,157.02,1.0,4.0
August 2023 heat,-4,8/12/2023 15:00,"59,440","6,879","17,280","24,159","35,281",08/12/2023,16,4,101.285,151.99,1,0,59440,6879,17280,24159,35281,101.285,151.99,1.0,4.0
August 2023 heat,-3,8/12/2023 16:00,"63,925","10,106","19,115","29,221","34,704",08/12/2023,17,4,251.7875,525.44,1,1,63925,10106,19115,29221,34704,251.7875,525.44,1.0,4.0
August 2023 heat,-2,8/12/2023 17:00,"68,243","12,286","18,449","30,735","37,508",08/12/2023,18,4,110.9025,172.63,1,0,68243,12286,18449,30735,37508,110.9025,172.63,1.0,4.0
August 2023 heat,-1,8/12/2023 18:00,"72,642","13,087","16,487","29,574","43,068",08/12/2023,19,2,118.125,132.98,1,0,72642,13087,16487,29574,43068,118.125,132.98,1.0,2.0
August 2023 heat,0,8/12/2023 19:00,"76,480","13,133","13,994","27,127","49,353",08/12/2023,20,2,689.555,992.72,1,1,76480,13133,13994,27127,49353,689.555,992.72,1.0,2.0
August 2023 heat,1,8/12/2023 20:00,"79,686","12,853","11,837","24,690","54,996",08/12/2023,21,4,284.4375,627.56,1,1,79686,12853,11837,24690,54996,284.4375,627.56,1.0,4.0
August 2023 heat,2,8/12/2023 21:00,"82,217","12,802","10,525","23,327","58,890",08/12/2023,22,4,38.0675,46.3,0,0,82217,12802,10525,23327,58890,38.0675,46.3,0.0,4.0
August 2023 heat,3,8/12/2023 22:00,"83,699","12,258","10,611","22,869","60,830",08/12/2023,23,4,31.3675,33.55,0,0,83699,12258,10611,22869,60830,31.3675,33.55,0.0,4.0
August 2023 heat,4,8/12/2023 23:00,"84,219","11,498","11,434","22,932","61,287",08/12/2023,24,4,26.4575,28.61,0,0,84219,11498,11434,22932,61287,26.4575,28.61,0.0,4.0
August 2023 heat,5,8/13/2023 0:00,"84,607","10,982","12,500","23,482","61,125",08/13/2023,1,4,26.0575,26.84,0,0,84607,10982,12500,23482,61125,26.0575,26.84,0.0,4.0
August 2023 heat,6,8/13/2023 1:00,"83,120","7,967","13,208","21,175","61,945",08/13/2023,2,4,23.97,24.06,0,0,83120,7967,13208,21175,61945,23.97,24.06,0.0,4.0
August 2023 heat,7,8/13/2023 2:00,"79,740","2,857","13,379","16,236","63,504",08/13/2023,3,4,23.61,25.1,0,0,79740,2857,13379,16236,63504,23.61,25.1,0.0,4.0
August 2023 heat,8,8/13/2023 3:00,"76,814",119,"13,937","14,056","62,758",08/13/2023,4,4,23.3175,23.59,0,0,76814,119,13937,14056,62758,23.3175,23.59,0.0,4.0
August 2023 heat,9,8/13/2023 4:00,"74,838",3,"16,758","16,761","58,077",08/13/2023,5,4,24.1475,24.98,0,0,74838,3,16758,16761,58077,24.1475,24.98,0.0,4.0
August 2023 heat,10,8/13/2023 5:00,"71,717",1,"19,459","19,460","52,257",08/13/2023,6,4,21.6,22.04,0,0,71717,1,19459,19460,52257,21.6,22.04,0.0,4.0
August 2023 heat,11,8/13/2023 6:00,"68,017",0,"21,205","21,205","46,812",08/13/2023,7,4,20.8725,21.17,0,0,68017,0,21205,21205,46812,20.8725,21.17,0.0,4.0
August 2023 heat,12,8/13/2023 7:00,"64,345",0,"20,142","20,142","44,203",08/13/2023,8,4,18.0425,19.25,0,0,64345,0,20142,20142,44203,18.0425,19.25,0.0,4.0
August 2023 heat,13,8/13/2023 8:00,"61,393",0,"18,901","18,901","42,492",08/13/2023,9,4,11.6275,15.84,0,0,61393,0,18901,18901,42492,11.6275,15.84,0.0,4.0
August 2023 heat,14,8/13/2023 9:00,"59,062",0,"17,692","17,692","41,370",08/13/2023,10,4,0.1775,0.41,0,0,59062,0,17692,17692,41370,0.1775,0.41,0.0,4.0
August 2023 heat,15,8/13/2023 10:00,"57,299",0,"16,640","16,640","40,659",08/13/2023,11,4,0.265,0.54,0,0,57299,0,16640,16640,40659,0.265,0.54,0.0,4.0
August 2023 heat,16,8/13/2023 11:00,"55,902",0,"15,046","15,046","40,856",08/13/2023,12,4,14.87,22.24,0,0,55902,0,15046,15046,40856,14.87,22.24,0.0,4.0
August 2023 heat,17,8/13/2023 12:00,"54,845",0,"14,724","14,724","40,121",08/13/2023,13,4,26.04,29.15,0,0,54845,0,14724,14724,40121,26.04,29.15,0.0,4.0
August 2023 heat,18,8/13/2023 13:00,"54,126",1,"14,337","14,338","39,788",08/13/2023,14,4,35.9975,45.68,0,0,54126,1,14337,14338,39788,35.9975,45.68,0.0,4.0
August 2023 heat,19,8/13/2023 14:00,"53,835","1,261","15,255","16,516","37,319",08/13/2023,15,4,39.335,52.18,0,0,53835,1261,15255,16516,37319,39.335,52.18,0.0,4.0
August 2023 heat,20,8/13/2023 15:00,"57,180","7,385","16,635","24,020","33,160",08/13/2023,16,4,68.0875,75.4,0,0,57180,7385,16635,24020,33160,68.0875,75.4,0.0,4.0
August 2023 heat,21,8/13/2023 16:00,"61,370","10,006","19,487","29,493","31,877",08/13/2023,17,4,90.8375,121.12,0,0,61370,10006,19487,29493,31877,90.8375,121.12,0.0,4.0
August 2023 heat,22,8/13/2023 17:00,"65,952","11,114","18,760","29,874","36,078",08/13/2023,18,4,224.665,317.97,1,1,65952,11114,18760,29874,36078,224.665,317.97,1.0,4.0
August 2023 heat,23,8/13/2023 18:00,"70,320","12,979","16,703","29,682","40,638",08/13/2023,19,4,304.9325,859.75,1,1,70320,12979,16703,29682,40638,304.9325,859.75,1.0,4.0
August 2023 heat,24,8/13/2023 19:00,"74,568","13,304","12,848","26,152","48,416",08/13/2023,20,3,522.66,952.1,1,1,74568,13304,12848,26152,48416,522.66,952.1,1.0,3.0
August 2023 heat,25,8/13/2023 20:00,"78,261","13,182","10,325","23,507","54,754",08/13/2023,21,2,116.755,145.33,1,0,78261,13182,10325,23507,54754,116.755,145.33,1.0,2.0
August 2023 heat,26,8/13/2023 21:00,"81,120","13,055","9,900","22,955","58,165",08/13/2023,22,4,48.64,73.76,0,0,81120,13055,9900,22955,58165,48.64,73.76,0.0,4.0
August 2023 heat,27,8/13/2023 22:00,"83,388","12,836","9,964","22,800","60,588",08/13/2023,23,4,30.665,33.0,0,0,83388,12836,9964,22800,60588,30.665,33.0,0.0,4.0
August 2023 heat,28,8/13/2023 23:00,"84,596","12,562","10,064","22,626","61,970",08/13/2023,24,4,27.99,30.03,0,0,84596,12562,10064,22626,61970,27.99,30.03,0.0,4.0
August 2023 heat,29,8/14/2023 0:00,"84,548","11,632","10,562","22,194","62,354",08/14/2023,1,4,24.82,25.38,0,0,84548,11632,10562,22194,62354,24.82,25.38,0.0,4.0
August 2023 heat,30,8/14/2023 1:00,"83,636","9,302","11,172","20,474","63,162",08/14/2023,2,4,22.28,22.38,0,0,83636,9302,11172,20474,63162,22.28,22.38,0.0,4.0
August 2023 heat,31,8/14/2023 2:00,"80,961","3,407","12,238","15,645","65,316",08/14/2023,3,4,21.6925,21.95,0,0,80961,3407,12238,15645,65316,21.6925,21.95,0.0,4.0
August 2023 heat,32,8/14/2023 3:00,"77,945",145,"13,114","13,259","64,686",08/14/2023,4,4,21.625,22.36,0,0,77945,145,13114,13259,64686,21.625,22.36,0.0,4.0
August 2023 heat,33,8/14/2023 4:00,"75,754",8,"15,718","15,726","60,028",08/14/2023,5,4,21.9575,22.07,0,0,75754,8,15718,15726,60028,21.9575,22.07,0.0,4.0
August 2023 heat,34,8/14/2023 5:00,"71,787",8,"18,056","18,064","53,723",08/14/2023,6,4,25.1375,25.92,0,0,71787,8,18056,18064,53723,25.1375,25.92,0.0,4.0
August 2023 heat,35,8/14/2023 6:00,"67,281",0,"19,057","19,057","48,224",08/14/2023,7,4,27.1125,27.86,0,0,67281,0,19057,19057,48224,27.1125,27.86,0.0,4.0
August 2023 heat,36,8/14/2023 7:00,"63,562",0,"20,577","20,577","42,985",08/14/2023,8,4,25.465,26.59,0,0,63562,0,20577,20577,42985,25.465,26.59,0.0,4.0
August 2023 heat,37,8/14/2023 8:00,"61,003",0,"19,726","19,726","41,277",08/14/2023,9,4,21.35,23.23,0,0,61003,0,19726,19726,41277,21.35,23.23,0.0,4.0
August 2023 heat,38,8/14/2023 9:00,"58,576",0,"18,426","18,426","40,150",08/14/2023,10,4,9.41,15.07,0,0,58576,0,18426,18426,40150,9.41,15.07,0.0,4.0
August 2023 heat,39,8/14/2023 10:00,"56,809",0,"15,905","15,905","40,904",08/14/2023,11,4,13.17,20.74,0,0,56809,0,15905,15905,40904,13.17,20.74,0.0,4.0
August 2023 heat,40,8/14/2023 11:00,"55,990",0,"14,027","14,027","41,963",08/14/2023,12,4,26.68,33.31,0,0,55990,0,14027,14027,41963,26.68,33.31,0.0,4.0
August 2023 heat,41,8/14/2023 12:00,"56,359",0,"12,638","12,638","43,721",08/14/2023,13,4,46.5575,81.09,0,0,56359,0,12638,12638,43721,46.5575,81.09,0.0,4.0
August 2023 heat,42,8/14/2023 13:00,"57,045",1,"11,666","11,667","45,378",08/14/2023,14,4,32.7975,38.82,0,0,57045,1,11666,11667,45378,32.7975,38.82,0.0,4.0
August 2023 heat,43,8/14/2023 14:00,"57,367","1,224","12,189","13,413","43,954",08/14/2023,15,4,36.885,40.49,0,0,57367,1224,12189,13413,43954,36.885,40.49,0.0,4.0
August 2023 heat,44,8/14/2023 15:00,"60,391","6,968","12,870","19,838","40,553",08/14/2023,16,4,35.595,39.78,0,0,60391,6968,12870,19838,40553,35.595,39.78,0.0,4.0
August 2023 heat,45,8/14/2023 16:00,"64,238","11,071","14,783","25,854","38,384",08/14/2023,17,4,25.015,30.89,0,0,64238,11071,14783,25854,38384,25.015,30.89,0.0,4.0
August 2023 heat,46,8/14/2023 17:00,"68,755","12,241","13,828","26,069","42,686",08/14/2023,18,4,18.835,19.53,0,0,68755,12241,13828,26069,42686,18.835,19.53,0.0,4.0
August 2023 heat,47,8/14/2023 18:00,"73,327","12,444","12,163","24,607","48,720",08/14/2023,19,4,18.705,20.04,0,0,73327,12444,12163,24607,48720,18.705,20.04,0.0,4.0
August 2023 heat,48,8/14/2023 19:00,"77,407","12,685","11,178","23,863","53,544",08/14/2023,20,4,26.79,30.31,0,0,77407,12685,11178,23863,53544,26.79,30.31,0.0,4.0
August 2023 heat,49,8/14/2023 20:00,"80,977","12,424","11,330","23,754","57,223",08/14/2023,21,4,29.3875,29.9,0,0,80977,12424,11330,23754,57223,29.3875,29.9,0.0,4.0
August 2023 heat,50,8/14/2023 21:00,"83,403","12,124","11,845","23,969","59,434",08/14/2023,22,4,29.8725,30.9,0,0,83403,12124,11845,23969,59434,29.8725,30.9,0.0,4.0
August 2023 heat,51,8/14/2023 22:00,"84,608","11,728","12,507","24,235","60,373",08/14/2023,23,4,29.6475,30.35,0,0,84608,11728,12507,24235,60373,29.6475,30.35,0.0,4.0
August 2023 heat,52,8/14/2023 23:00,"84,757","11,109","13,289","24,398","60,359",08/14/2023,24,4,27.4175,28.88,0,0,84757,11109,13289,24398,60359,27.4175,28.88,0.0,4.0
August 2023 heat,53,8/15/2023 0:00,"84,209","10,340","14,615","24,955","59,254",08/15/2023,1,4,26.6575,27.34,0,0,84209,10340,14615,24955,59254,26.6575,27.34,0.0,4.0
August 2023 heat,54,8/15/2023 1:00,"82,817","7,785","16,114","23,899","58,918",08/15/2023,2,4,24.63,25.29,0,0,82817,7785,16114,23899,58918,24.63,25.29,0.0,4.0
August 2023 heat,55,8/15/2023 2:00,"79,862","3,088","17,168","20,256","59,606",08/15/2023,3,4,24.0325,24.86,0,0,79862,3088,17168,20256,59606,24.0325,24.86,0.0,4.0
August 2023 heat,56,8/15/2023 3:00,"76,749",115,"16,030","16,145","60,604",08/15/2023,4,4,23.255,23.34,0,0,76749,115,16030,16145,60604,23.255,23.34,0.0,4.0
August 2023 heat,57,8/15/2023 4:00,"73,225",0,"14,639","14,639","58,586",08/15/2023,5,4,23.8975,24.21,0,0,73225,0,14639,14639,58586,23.8975,24.21,0.0,4.0
August 2023 heat,58,8/15/2023 5:00,"68,337",0,"13,639","13,639","54,698",08/15/2023,6,4,25.745,26.26,0,0,68337,0,13639,13639,54698,25.745,26.26,0.0,4.0
August 2023 heat,59,8/15/2023 6:00,"63,701",0,"12,567","12,567","51,134",08/15/2023,7,4,27.56,28.12,0,0,63701,0,12567,12567,51134,27.56,28.12,0.0,4.0
August 2023 heat,60,8/15/2023 7:00,"59,907",0,"11,525","11,525","48,382",08/15/2023,8,4,26.41,27.24,0,0,59907,0,11525,11525,48382,26.41,27.24,0.0,4.0
August 2023 heat,61,8/15/2023 8:00,"56,977",0,"10,315","10,315","46,662",08/15/2023,9,4,23.77,25.48,0,0,56977,0,10315,10315,46662,23.77,25.48,0.0,4.0
August 2023 heat,62,8/15/2023 9:00,"54,785",0,"9,174","9,174","45,611",08/15/2023,10,4,22.26,22.56,0,0,54785,0,9174,9174,45611,22.26,22.56,0.0,4.0
August 2023 heat,63,8/15/2023 10:00,"53,130",0,"8,116","8,116","45,014",08/15/2023,11,4,24.235,25.36,0,0,53130,0,8116,8116,45014,24.235,25.36,0.0,4.0
August 2023 heat,64,8/15/2023 11:00,"52,525",0,"6,811","6,811","45,714",08/15/2023,12,4,26.95,28.6,0,0,52525,0,6811,6811,45714,26.95,28.6,0.0,4.0
August 2023 heat,65,8/15/2023 12:00,"53,022",0,"5,842","5,842","47,180",08/15/2023,13,4,28.66,30.56,0,0,53022,0,5842,5842,47180,28.66,30.56,0.0,4.0
August 2023 heat,66,8/15/2023 13:00,"54,379",1,"4,992","4,993","49,386",08/15/2023,14,4,42.2775,52.91,0,0,54379,1,4992,4993,49386,42.2775,52.91,0.0,4.0
August 2023 heat,67,8/15/2023 14:00,"54,480","1,131","4,336","5,467","49,013",08/15/2023,15,4,42.905,53.26,0,0,54480,1131,4336,5467,49013,42.905,53.26,0.0,4.0
August 2023 heat,68,8/15/2023 15:00,"56,522","6,715","3,152","9,867","46,655",08/15/2023,16,4,83.495,148.86,1,0,56522,6715,3152,9867,46655,83.495,148.86,1.0,4.0
August 2023 heat,69,8/15/2023 16:00,"59,853","10,638","3,891","14,529","45,324",08/15/2023,17,4,84.5775,107.04,0,0,59853,10638,3891,14529,45324,84.5775,107.04,0.0,4.0
August 2023 heat,70,8/15/2023 17:00,"63,633","12,233","3,632","15,865","47,768",08/15/2023,18,4,55.9625,73.47,0,0,63633,12233,3632,15865,47768,55.9625,73.47,0.0,4.0
August 2023 heat,71,8/15/2023 18:00,"67,286","12,873","2,453","15,326","51,960",08/15/2023,19,4,98.1525,158.68,1,0,67286,12873,2453,15326,51960,98.1525,158.68,1.0,4.0
August 2023 heat,72,8/15/2023 19:00,"71,142","13,409","1,760","15,169","55,973",08/15/2023,20,4,326.715,503.29,1,1,71142,13409,1760,15169,55973,326.715,503.29,1.0,4.0
